ZIP code,Distance from town hall (mi),Location
92705,5,Los Angeles - Long Beach - Anaheim - Santa Ana
92706,5,Los Angeles - Long Beach - Anaheim - Santa Ana
92707,5,Los Angeles - Long Beach - Anaheim - Santa Ana
92780,5,Los Angeles - Long Beach - Anaheim - Santa Ana
92801,5,Los Angeles - Long Beach - Anaheim - Santa Ana
92802,5,Los Angeles - Long Beach - Anaheim - Santa Ana
92804,5,Los Angeles - Long Beach - Anaheim - Santa Ana
92805,5,Los Angeles - Long Beach - Anaheim - Santa Ana
92806,5,Los Angeles - Long Beach - Anaheim - Santa Ana
92831,5,Los Angeles - Long Beach - Anaheim - Santa Ana
92832,5,Los Angeles - Long Beach - Anaheim - Santa Ana
92833,5,Los Angeles - Long Beach - Anaheim - Santa Ana
92835,5,Los Angeles - Long Beach - Anaheim - Santa Ana
92840,5,Los Angeles - Long Beach - Anaheim - Santa Ana
92843,5,Los Angeles - Long Beach - Anaheim - Santa Ana
92865,5,Los Angeles - Long Beach - Anaheim - Santa Ana
92866,5,Los Angeles - Long Beach - Anaheim - Santa Ana
92868,5,Los Angeles - Long Beach - Anaheim - Santa Ana
92870,5,Los Angeles - Long Beach - Anaheim - Santa Ana
19102,5,Philadelphia
19103,5,Philadelphia
19104,5,Philadelphia
19106,5,Philadelphia
85034,5,Phoenix - Mesa
85040,5,Phoenix - Mesa
85041,5,Phoenix - Mesa
90814,5,Los Angeles - Long Beach - Anaheim - Santa Ana
90822,5,Los Angeles - Long Beach - Anaheim - Santa Ana
90831,5,Los Angeles - Long Beach - Anaheim - Santa Ana
19107,5,Philadelphia
19109,5,Philadelphia
19112,5,Philadelphia
19121,5,Philadelphia
19122,5,Philadelphia
19123,5,Philadelphia
19125,5,Philadelphia
19129,5,Philadelphia
19130,5,Philadelphia
19131,5,Philadelphia
19132,5,Philadelphia
85201,5,Phoenix - Mesa
85202,5,Phoenix - Mesa
85203,5,Phoenix - Mesa
85204,5,Phoenix - Mesa
85210,5,Phoenix - Mesa
85213,5,Phoenix - Mesa
85233,5,Phoenix - Mesa
19133,5,Philadelphia
19134,5,Philadelphia
19139,5,Philadelphia
90744,5,Los Angeles - Long Beach - Anaheim - Santa Ana
19140,5,Philadelphia
19142,5,Philadelphia
19143,5,Philadelphia
19145,5,Philadelphia
19146,5,Philadelphia
19147,5,Philadelphia
19148,5,Philadelphia
90755,5,Los Angeles - Long Beach - Anaheim - Santa Ana
90802,5,Los Angeles - Long Beach - Anaheim - Santa Ana
90803,5,Los Angeles - Long Beach - Anaheim - Santa Ana
08102,5,Philadelphia
90804,5,Los Angeles - Long Beach - Anaheim - Santa Ana
90806,5,Los Angeles - Long Beach - Anaheim - Santa Ana
90807,5,Los Angeles - Long Beach - Anaheim - Santa Ana
90810,5,Los Angeles - Long Beach - Anaheim - Santa Ana
90813,5,Los Angeles - Long Beach - Anaheim - Santa Ana
08103,5,Philadelphia
08104,5,Philadelphia
20036,5,Washngton DC - Arlington
20037,5,Washngton DC - Arlington
20045,5,Washngton DC - Arlington
20052,5,Washngton DC - Arlington
20053,5,Washngton DC - Arlington
20057,5,Washngton DC - Arlington
20064,5,Washngton DC - Arlington
20202,5,Washngton DC - Arlington
20204,5,Washngton DC - Arlington
20228,5,Washngton DC - Arlington
20230,5,Washngton DC - Arlington
20240,5,Washngton DC - Arlington
20245,5,Washngton DC - Arlington
20260,5,Washngton DC - Arlington
20317,5,Washngton DC - Arlington
20319,5,Washngton DC - Arlington
20373,5,Washngton DC - Arlington
20390,5,Washngton DC - Arlington
20405,5,Washngton DC - Arlington
20418,5,Washngton DC - Arlington
20427,5,Washngton DC - Arlington
20506,5,Washngton DC - Arlington
20510,5,Washngton DC - Arlington
20520,5,Washngton DC - Arlington
20535,5,Washngton DC - Arlington
20540,5,Washngton DC - Arlington
20551,5,Washngton DC - Arlington
20553,5,Washngton DC - Arlington
20560,5,Washngton DC - Arlington
20565,5,Washngton DC - Arlington
20566,5,Washngton DC - Arlington
20593,5,Washngton DC - Arlington
92132,5,San Diego
92134,5,San Diego
92135,5,San Diego
92140,5,San Diego
92147,5,San Diego
92155,5,San Diego
92501,5,Riverside
92506,5,Riverside
92507,5,Riverside
92509,5,Riverside
22311,5,Washngton DC - Arlington
92606,5,Los Angeles - Long Beach - Anaheim - Santa Ana
92701,5,Los Angeles - Long Beach - Anaheim - Santa Ana
92703,5,Los Angeles - Long Beach - Anaheim - Santa Ana
92704,5,Los Angeles - Long Beach - Anaheim - Santa Ana
21201,5,Baltimore
21202,5,Baltimore
21205,5,Baltimore
21210,5,Baltimore
21211,5,Baltimore
08105,5,Philadelphia
32254,5,Jacksonville
20712,5,Washngton DC - Arlington
20722,5,Washngton DC - Arlington
22041,5,Washngton DC - Arlington
22044,5,Washngton DC - Arlington
90004,5,Los Angeles - Long Beach - Anaheim - Santa Ana
90005,5,Los Angeles - Long Beach - Anaheim - Santa Ana
90006,5,Los Angeles - Long Beach - Anaheim - Santa Ana
90007,5,Los Angeles - Long Beach - Anaheim - Santa Ana
90010,5,Los Angeles - Long Beach - Anaheim - Santa Ana
90011,5,Los Angeles - Long Beach - Anaheim - Santa Ana
90012,5,Los Angeles - Long Beach - Anaheim - Santa Ana
90013,5,Los Angeles - Long Beach - Anaheim - Santa Ana
90014,5,Los Angeles - Long Beach - Anaheim - Santa Ana
90015,5,Los Angeles - Long Beach - Anaheim - Santa Ana
90017,5,Los Angeles - Long Beach - Anaheim - Santa Ana
90018,5,Los Angeles - Long Beach - Anaheim - Santa Ana
90020,5,Los Angeles - Long Beach - Anaheim - Santa Ana
90021,5,Los Angeles - Long Beach - Anaheim - Santa Ana
22201,5,Washngton DC - Arlington
22202,5,Washngton DC - Arlington
22203,5,Washngton DC - Arlington
90023,5,Los Angeles - Long Beach - Anaheim - Santa Ana
90026,5,Los Angeles - Long Beach - Anaheim - Santa Ana
90029,5,Los Angeles - Long Beach - Anaheim - Santa Ana
90031,5,Los Angeles - Long Beach - Anaheim - Santa Ana
90032,5,Los Angeles - Long Beach - Anaheim - Santa Ana
90033,5,Los Angeles - Long Beach - Anaheim - Santa Ana
90037,5,Los Angeles - Long Beach - Anaheim - Santa Ana
90039,5,Los Angeles - Long Beach - Anaheim - Santa Ana
22204,5,Washngton DC - Arlington
90063,5,Los Angeles - Long Beach - Anaheim - Santa Ana
90065,5,Los Angeles - Long Beach - Anaheim - Santa Ana
90071,5,Los Angeles - Long Beach - Anaheim - Santa Ana
90079,5,Los Angeles - Long Beach - Anaheim - Santa Ana
90089,5,Los Angeles - Long Beach - Anaheim - Santa Ana
90090,5,Los Angeles - Long Beach - Anaheim - Santa Ana
90057,5,Los Angeles - Long Beach - Anaheim - Santa Ana
90058,5,Los Angeles - Long Beach - Anaheim - Santa Ana
20001,5,Washngton DC - Arlington
20002,5,Washngton DC - Arlington
20003,5,Washngton DC - Arlington
32202,5,Jacksonville
32204,5,Jacksonville
32205,5,Jacksonville
32206,5,Jacksonville
32207,5,Jacksonville
32208,5,Jacksonville
32209,5,Jacksonville
32211,5,Jacksonville
20004,5,Washngton DC - Arlington
20005,5,Washngton DC - Arlington
20006,5,Washngton DC - Arlington
20007,5,Washngton DC - Arlington
20008,5,Washngton DC - Arlington
20009,5,Washngton DC - Arlington
20010,5,Washngton DC - Arlington
20011,5,Washngton DC - Arlington
20016,5,Washngton DC - Arlington
20017,5,Washngton DC - Arlington
20018,5,Washngton DC - Arlington
20019,5,Washngton DC - Arlington
20020,5,Washngton DC - Arlington
20024,5,Washngton DC - Arlington
20032,5,Washngton DC - Arlington
21213,5,Baltimore
32277,5,Jacksonville
21214,5,Baltimore
21216,5,Baltimore
21217,5,Baltimore
21218,5,Baltimore
21223,5,Baltimore
21224,5,Baltimore
21225,5,Baltimore
21229,5,Baltimore
21230,5,Baltimore
21231,5,Baltimore
21251,5,Baltimore
08030,5,Philadelphia
85701,5,Tucson
85705,5,Tucson
85713,5,Tucson
85714,5,Tucson
85716,5,Tucson
85719,5,Tucson
85723,5,Tucson
85724,5,Tucson
85726,5,Tucson
92101,5,San Diego
92102,5,San Diego
92103,5,San Diego
92104,5,San Diego
92105,5,San Diego
92106,5,San Diego
92108,5,San Diego
22205,5,Washngton DC - Arlington
22206,5,Washngton DC - Arlington
22207,5,Washngton DC - Arlington
22209,5,Washngton DC - Arlington
22211,5,Washngton DC - Arlington
22213,5,Washngton DC - Arlington
22214,5,Washngton DC - Arlington
22301,5,Washngton DC - Arlington
22302,5,Washngton DC - Arlington
92110,5,San Diego
92113,5,San Diego
92116,5,San Diego
92118,5,San Diego
22305,5,Washngton DC - Arlington
85003,5,Phoenix - Mesa
85004,5,Phoenix - Mesa
85006,5,Phoenix - Mesa
85007,5,Phoenix - Mesa
85009,5,Phoenix - Mesa
85012,5,Phoenix - Mesa
85013,5,Phoenix - Mesa
85014,5,Phoenix - Mesa
85015,5,Phoenix - Mesa
85017,5,Phoenix - Mesa
94118,5,San Francisco - Oakland
94121,5,San Francisco - Oakland
94122,5,San Francisco - Oakland
94123,5,San Francisco - Oakland
94124,5,San Francisco - Oakland
94127,5,San Francisco - Oakland
94129,5,San Francisco - Oakland
94130,5,San Francisco - Oakland
94131,5,San Francisco - Oakland
95825,5,Sacramento
95833,5,Sacramento
73118,5,Oklahoma City
73121,5,Oklahoma City
73129,5,Oklahoma City
94133,5,San Francisco - Oakland
94134,5,San Francisco - Oakland
94158,5,San Francisco - Oakland
94501,5,San Francisco - Oakland
94502,5,San Francisco - Oakland
95834,5,Sacramento
33602,5,Tampa
33603,5,Tampa
33604,5,Tampa
33605,5,Tampa
33606,5,Tampa
94601,5,San Francisco - Oakland
94602,5,San Francisco - Oakland
94606,5,San Francisco - Oakland
94607,5,San Francisco - Oakland
94608,5,San Francisco - Oakland
94609,5,San Francisco - Oakland
94610,5,San Francisco - Oakland
94611,5,San Francisco - Oakland
94612,5,San Francisco - Oakland
94618,5,San Francisco - Oakland
94702,5,San Francisco - Oakland
94703,5,San Francisco - Oakland
94704,5,San Francisco - Oakland
94705,5,San Francisco - Oakland
94710,5,San Francisco - Oakland
94720,5,San Francisco - Oakland
70032,5,New Orleans
70053,5,New Orleans
70056,5,New Orleans
78701,5,Austin
78702,5,Austin
78703,5,Austin
78704,5,Austin
78705,5,Austin
78712,5,Austin
78721,5,Austin
78722,5,Austin
23453,5,Virginia Beach
23456,5,Virginia Beach
78723,5,Austin
78741,5,Austin
78746,5,Austin
64101,5,Kansas City
64102,5,Kansas City
70112,5,New Orleans
70113,5,New Orleans
70114,5,New Orleans
70115,5,New Orleans
70116,5,New Orleans
23460,5,Virginia Beach
78751,5,Austin
78756,5,Austin
64105,5,Kansas City
64106,5,Kansas City
64108,5,Kansas City
64109,5,Kansas City
64110,5,Kansas City
70117,5,New Orleans
70118,5,New Orleans
70119,5,New Orleans
70122,5,New Orleans
70124,5,New Orleans
64111,5,Kansas City
64112,5,Kansas City
64116,5,Kansas City
64120,5,Kansas City
64123,5,Kansas City
64124,5,Kansas City
70125,5,New Orleans
70130,5,New Orleans
70139,5,New Orleans
70163,5,New Orleans
60653,5,Chicago
60654,5,Chicago
60657,5,Chicago
60661,5,Chicago
64125,5,Kansas City
64126,5,Kansas City
64127,5,Kansas City
64128,5,Kansas City
30303,5,Atlanta
30306,5,Atlanta
30307,5,Atlanta
30308,5,Atlanta
30309,5,Atlanta
30310,5,Atlanta
30312,5,Atlanta
30313,5,Atlanta
30314,5,Atlanta
30315,5,Atlanta
30316,5,Atlanta
30317,5,Atlanta
30318,5,Atlanta
67213,5,Wichita
30322,5,Atlanta
30332,5,Atlanta
30334,5,Atlanta
30363,5,Atlanta
53202,5,Milwaukee
53203,5,Milwaukee
53204,5,Milwaukee
53205,5,Milwaukee
53206,5,Milwaukee
53207,5,Milwaukee
53208,5,Milwaukee
53210,5,Milwaukee
33607,5,Tampa
33609,5,Tampa
93301,5,Bakersfield
93304,5,Bakersfield
93305,5,Bakersfield
93309,5,Bakersfield
48209,5,Detroit
87102,5,Albuquerque
87104,5,Albuquerque
87106,5,Albuquerque
87107,5,Albuquerque
87108,5,Albuquerque
87110,5,Albuquerque
33611,5,Tampa
33614,5,Tampa
33619,5,Tampa
96813,5,Honolulu
48210,5,Detroit
48211,5,Detroit
96814,5,Honolulu
96815,5,Honolulu
96816,5,Honolulu
96817,5,Honolulu
96819,5,Honolulu
96822,5,Honolulu
96826,5,Honolulu
96850,5,Honolulu
33629,5,Tampa
44127,5,Cleveland
07302,5,New York City
40280,5,Louisville
07010,5,New York City
44109,5,Cleveland
44113,5,Cleveland
02108,5,Boston
02109,5,Boston
02110,5,Boston
02111,5,Boston
02113,5,Boston
02114,5,Boston
02115,5,Boston
44114,5,Cleveland
44115,5,Cleveland
02116,5,Boston
02118,5,Boston
02119,5,Boston
02120,5,Boston
02121,5,Boston
02122,5,Boston
02125,5,Boston
02127,5,Boston
02128,5,Boston
02129,5,Boston
02130,5,Boston
10065,5,New York City
10069,5,New York City
10075,5,New York City
10103,5,New York City
10110,5,New York City
10111,5,New York City
10112,5,New York City
10115,5,New York City
10119,5,New York City
10128,5,New York City
10152,5,New York City
55401,5,Minneapolis
55402,5,Minneapolis
55403,5,Minneapolis
55404,5,Minneapolis
55405,5,Minneapolis
10153,5,New York City
10154,5,New York City
10162,5,New York City
10165,5,New York City
10167,5,New York City
10168,5,New York City
10169,5,New York City
10170,5,New York City
10171,5,New York City
10172,5,New York City
10173,5,New York City
10174,5,New York City
10177,5,New York City
10199,5,New York City
10271,5,New York City
10278,5,New York City
10279,5,New York City
10280,5,New York City
10282,5,New York City
02134,5,Boston
02135,5,Boston
02138,5,Boston
76102,5,Fort Worth
76103,5,Fort Worth
76104,5,Fort Worth
76105,5,Fort Worth
76106,5,Fort Worth
76107,5,Fort Worth
76109,5,Fort Worth
76110,5,Fort Worth
76111,5,Fort Worth
76114,5,Fort Worth
76115,5,Fort Worth
55406,5,Minneapolis
55407,5,Minneapolis
55408,5,Minneapolis
80903,5,Colorado Springs
80904,5,Colorado Springs
80905,5,Colorado Springs
07306,5,New York City
07307,5,New York City
76129,5,Fort Worth
10454,5,New York City
80907,5,Colorado Springs
80909,5,Colorado Springs
80910,5,Colorado Springs
95050,5,San Jose
95053,5,San Jose
95110,5,San Jose
78201,5,San Antonio
78202,5,San Antonio
78203,5,San Antonio
78204,5,San Antonio
78205,5,San Antonio
78207,5,San Antonio
78208,5,San Antonio
78210,5,San Antonio
78212,5,San Antonio
10001,5,New York City
10002,5,New York City
10003,5,New York City
10004,5,New York City
10005,5,New York City
10006,5,New York City
10007,5,New York City
10009,5,New York City
95111,5,San Jose
95112,5,San Jose
95113,5,San Jose
95116,5,San Jose
95117,5,San Jose
95121,5,San Jose
95122,5,San Jose
95125,5,San Jose
95126,5,San Jose
95128,5,San Jose
95131,5,San Jose
95133,5,San Jose
95136,5,San Jose
77002,5,Houston
77003,5,Houston
77004,5,Houston
77005,5,Houston
77006,5,Houston
77007,5,Houston
78215,5,San Antonio
78225,5,San Antonio
78234,5,San Antonio
78237,5,San Antonio
10010,5,New York City
10011,5,New York City
10012,5,New York City
10013,5,New York City
10014,5,New York City
10016,5,New York City
10017,5,New York City
10018,5,New York City
10019,5,New York City
10020,5,New York City
10021,5,New York City
77008,5,Houston
77009,5,Houston
77010,5,Houston
77011,5,Houston
77019,5,Houston
77020,5,Houston
77021,5,Houston
77022,5,Houston
10022,5,New York City
10023,5,New York City
10024,5,New York City
10025,5,New York City
10026,5,New York City
10027,5,New York City
10028,5,New York City
10029,5,New York City
10030,5,New York City
79901,5,El Paso
79902,5,El Paso
79903,5,El Paso
79905,5,El Paso
95811,5,Sacramento
95814,5,Sacramento
95815,5,Sacramento
77023,5,Houston
77026,5,Houston
77027,5,Houston
10035,5,New York City
10036,5,New York City
10037,5,New York City
10038,5,New York City
10044,5,New York City
95816,5,Sacramento
95817,5,Sacramento
95818,5,Sacramento
95819,5,Sacramento
95820,5,Sacramento
95822,5,Sacramento
79930,5,El Paso
11237,5,New York City
55108,5,Minneapolis
55114,5,Minneapolis
28202,5,Charlotte
28203,5,Charlotte
28204,5,Charlotte
28205,5,Charlotte
28206,5,Charlotte
28207,5,Charlotte
28208,5,Charlotte
28209,5,Charlotte
28211,5,Charlotte
28244,5,Charlotte
60601,5,Chicago
60602,5,Chicago
60603,5,Chicago
97201,5,Portland
97202,5,Portland
97204,5,Portland
97205,5,Portland
97206,5,Portland
97208,5,Portland
48201,5,Detroit
48202,5,Detroit
28280,5,Charlotte
28282,5,Charlotte
11377,5,New York City
11378,5,New York City
60604,5,Chicago
60605,5,Chicago
60606,5,Chicago
60607,5,Chicago
60608,5,Chicago
60610,5,Chicago
07086,5,New York City
07087,5,New York City
74129,5,Tulsa
74132,5,Tulsa
48206,5,Detroit
48207,5,Detroit
48208,5,Detroit
07093,5,New York City
07094,5,New York City
74135,5,Tulsa
74136,5,Tulsa
74137,5,Tulsa
74145,5,Tulsa
07047,5,New York City
67211,5,Wichita
46201,5,Indianapolis
46202,5,Indianapolis
46203,5,Indianapolis
46204,5,Indianapolis
46205,5,Indianapolis
46208,5,Indianapolis
46218,5,Indianapolis
46222,5,Indianapolis
96859,5,Honolulu
67214,5,Wichita
46225,5,Indianapolis
02139,5,Boston
02140,5,Boston
02141,5,Boston
02142,5,Boston
02143,5,Boston
02144,5,Boston
67218,5,Wichita
67260,5,Wichita
11101,5,New York City
11102,5,New York City
11103,5,New York City
11104,5,New York City
11105,5,New York City
11106,5,New York City
11109,5,New York City
11201,5,New York City
02145,5,Boston
02148,5,Boston
02149,5,Boston
02150,5,Boston
02151,5,Boston
02152,5,Boston
02163,5,Boston
11205,5,New York City
11206,5,New York City
02199,5,Boston
02203,5,Boston
02210,5,Boston
02215,5,Boston
11211,5,New York City
98039,5,Seattle
98144,5,Seattle
98154,5,Seattle
98164,5,Seattle
98101,5,Seattle
11222,5,New York City
98174,5,Seattle
98195,5,Seattle
98199,5,Seattle
98102,5,Seattle
98103,5,Seattle
98104,5,Seattle
98105,5,Seattle
98106,5,Seattle
98107,5,Seattle
98108,5,Seattle
98109,5,Seattle
75208,5,Dallas
75210,5,Dallas
75212,5,Dallas
75214,5,Dallas
75215,5,Dallas
02445,5,Boston
02446,5,Boston
78401,5,Corpus Christi
78402,5,Corpus Christi
78404,5,Corpus Christi
78405,5,Corpus Christi
78407,5,Corpus Christi
78408,5,Corpus Christi
78411,5,Corpus Christi
78416,5,Corpus Christi
75270,5,Dallas
75390,5,Dallas
98112,5,Seattle
98116,5,Seattle
75216,5,Dallas
75219,5,Dallas
75223,5,Dallas
48214,5,Detroit
48216,5,Detroit
75226,5,Dallas
98119,5,Seattle
98121,5,Seattle
98122,5,Seattle
98126,5,Seattle
98134,5,Seattle
75235,5,Dallas
48226,5,Detroit
48233,5,Detroit
95605,5,Sacramento
44101,5,Cleveland
44102,5,Cleveland
75201,5,Dallas
75202,5,Dallas
75246,5,Dallas
80111,5,Denver - Aurora
48243,5,Detroit
44103,5,Cleveland
44104,5,Cleveland
44106,5,Cleveland
53211,5,Milwaukee
53212,5,Milwaukee
53213,5,Milwaukee
75203,5,Dallas
75204,5,Dallas
75205,5,Dallas
75206,5,Dallas
75207,5,Dallas
76164,5,Fort Worth
80202,5,Denver - Aurora
80203,5,Denver - Aurora
80204,5,Denver - Aurora
80205,5,Denver - Aurora
80206,5,Denver - Aurora
80207,5,Denver - Aurora
80209,5,Denver - Aurora
80210,5,Denver - Aurora
80211,5,Denver - Aurora
80212,5,Denver - Aurora
80214,5,Denver - Aurora
80216,5,Denver - Aurora
80218,5,Denver - Aurora
80219,5,Denver - Aurora
80220,5,Denver - Aurora
80223,5,Denver - Aurora
80224,5,Denver - Aurora
53215,5,Milwaukee
53216,5,Milwaukee
53233,5,Milwaukee
74104,5,Tulsa
74105,5,Tulsa
80231,5,Denver - Aurora
80237,5,Denver - Aurora
80246,5,Denver - Aurora
80247,5,Denver - Aurora
80264,5,Denver - Aurora
80290,5,Denver - Aurora
80293,5,Denver - Aurora
80294,5,Denver - Aurora
60611,5,Chicago
60612,5,Chicago
60614,5,Chicago
60616,5,Chicago
74112,5,Tulsa
74114,5,Tulsa
53295,5,Milwaukee
60622,5,Chicago
60624,5,Chicago
74119,5,Tulsa
74120,5,Tulsa
47448,5,Nashville
60647,5,Chicago
60642,5,Chicago
43222,5,Columbus
43223,5,Columbus
43201,5,Columbus
43202,5,Columbus
43203,5,Columbus
43204,5,Columbus
43205,5,Columbus
43206,5,Columbus
43209,5,Columbus
43210,5,Columbus
89002,5,Las Vegas - Henderson
89011,5,Las Vegas - Henderson
89012,5,Las Vegas - Henderson
89014,5,Las Vegas - Henderson
89015,5,Las Vegas - Henderson
89030,5,Las Vegas - Henderson
43211,5,Columbus
43212,5,Columbus
89032,5,Las Vegas - Henderson
89101,5,Las Vegas - Henderson
89102,5,Las Vegas - Henderson
89104,5,Las Vegas - Henderson
89106,5,Las Vegas - Henderson
89107,5,Las Vegas - Henderson
89108,5,Las Vegas - Henderson
89109,5,Las Vegas - Henderson
33101,5,Miami
33125,5,Miami
33128,5,Miami
33129,5,Miami
33130,5,Miami
33131,5,Miami
33133,5,Miami
89121,5,Las Vegas - Henderson
33134,5,Miami
33135,5,Miami
33136,5,Miami
68117,5,Omaha
68131,5,Omaha
89146,5,Las Vegas - Henderson
89169,5,Las Vegas - Henderson
33143,5,Miami
33145,5,Miami
68132,5,Omaha
68178,5,Omaha
33146,5,Miami
33149,5,Miami
33155,5,Miami
40202,5,Louisville
80012,5,Denver - Aurora
80013,5,Denver - Aurora
80014,5,Denver - Aurora
80015,5,Denver - Aurora
80017,5,Denver - Aurora
55409,5,Minneapolis
55411,5,Minneapolis
55412,5,Minneapolis
55413,5,Minneapolis
55414,5,Minneapolis
55415,5,Minneapolis
55416,5,Minneapolis
55418,5,Minneapolis
40203,5,Louisville
40204,5,Louisville
40205,5,Louisville
40206,5,Louisville
40208,5,Louisville
40209,5,Louisville
40210,5,Louisville
55422,5,Minneapolis
40211,5,Louisville
40212,5,Louisville
47129,5,Louisville
07020,5,New York City
66101,5,Kansas City
66103,5,Kansas City
40215,5,Louisville
40217,5,Louisville
07022,5,New York City
66105,5,Kansas City
66115,5,Kansas City
66118,5,Kansas City
07030,5,New York City
55454,5,Minneapolis
55455,5,Minneapolis
93701,5,Fresno
93702,5,Fresno
93703,5,Fresno
93704,5,Fresno
93705,5,Fresno
73102,5,Oklahoma City
73103,5,Oklahoma City
73104,5,Oklahoma City
73105,5,Oklahoma City
73106,5,Oklahoma City
73107,5,Oklahoma City
73108,5,Oklahoma City
73109,5,Oklahoma City
73111,5,Oklahoma City
73112,5,Oklahoma City
73116,5,Oklahoma City
73117,5,Oklahoma City
51501,5,Omaha
51510,5,Omaha
93721,5,Fresno
93726,5,Fresno
93728,5,Fresno
27601,5,Raleigh
27605,5,Raleigh
27606,5,Raleigh
27608,5,Raleigh
27609,5,Raleigh
77030,5,Houston
77046,5,Houston
67202,5,Wichita
67203,5,Wichita
94102,5,San Francisco - Oakland
94103,5,San Francisco - Oakland
94104,5,San Francisco - Oakland
94105,5,San Francisco - Oakland
94107,5,San Francisco - Oakland
94108,5,San Francisco - Oakland
94109,5,San Francisco - Oakland
94110,5,San Francisco - Oakland
94111,5,San Francisco - Oakland
94112,5,San Francisco - Oakland
94114,5,San Francisco - Oakland
97209,5,Portland
97210,5,Portland
97212,5,Portland
97213,5,Portland
97214,5,Portland
97215,5,Portland
67208,5,Wichita
94115,5,San Francisco - Oakland
94116,5,San Francisco - Oakland
94117,5,San Francisco - Oakland
77098,5,Houston
77201,5,Houston
97219,5,Portland
97221,5,Portland
97225,5,Portland
97227,5,Portland
97232,5,Portland
97239,5,Portland
38103,5,Memphis
38104,5,Memphis
38105,5,Memphis
38106,5,Memphis
38107,5,Memphis
38112,5,Memphis
43215,5,Columbus
38126,5,Memphis
46107,5,Indianapolis
68102,5,Omaha
68104,5,Omaha
68105,5,Omaha
68106,5,Omaha
68107,5,Omaha
68108,5,Omaha
68110,5,Omaha
68111,5,Omaha
07310,5,New York City
07311,5,New York City
92708,10,Los Angeles - Long Beach - Anaheim - Santa Ana
92782,10,Los Angeles - Long Beach - Anaheim - Santa Ana
92807,10,Los Angeles - Long Beach - Anaheim - Santa Ana
92821,10,Los Angeles - Long Beach - Anaheim - Santa Ana
92823,10,Los Angeles - Long Beach - Anaheim - Santa Ana
92841,10,Los Angeles - Long Beach - Anaheim - Santa Ana
92844,10,Los Angeles - Long Beach - Anaheim - Santa Ana
92845,10,Los Angeles - Long Beach - Anaheim - Santa Ana
92861,10,Los Angeles - Long Beach - Anaheim - Santa Ana
92867,10,Los Angeles - Long Beach - Anaheim - Santa Ana
92869,10,Los Angeles - Long Beach - Anaheim - Santa Ana
92886,10,Los Angeles - Long Beach - Anaheim - Santa Ana
22003,10,Washngton DC - Arlington
85019,10,Phoenix - Mesa
85020,10,Phoenix - Mesa
85021,10,Phoenix - Mesa
85028,10,Phoenix - Mesa
85031,10,Phoenix - Mesa
85033,10,Phoenix - Mesa
85035,10,Phoenix - Mesa
85042,10,Phoenix - Mesa
85043,10,Phoenix - Mesa
85044,10,Phoenix - Mesa
85048,10,Phoenix - Mesa
20910,10,Washngton DC - Arlington
20912,10,Washngton DC - Arlington
90815,10,Los Angeles - Long Beach - Anaheim - Santa Ana
85301,10,Phoenix - Mesa
19111,10,Philadelphia
19113,10,Philadelphia
19118,10,Philadelphia
19119,10,Philadelphia
19120,10,Philadelphia
85051,10,Phoenix - Mesa
19124,10,Philadelphia
19126,10,Philadelphia
19127,10,Philadelphia
19128,10,Philadelphia
85205,10,Phoenix - Mesa
85206,10,Phoenix - Mesa
85224,10,Phoenix - Mesa
85225,10,Phoenix - Mesa
85234,10,Phoenix - Mesa
85250,10,Phoenix - Mesa
85251,10,Phoenix - Mesa
90712,10,Los Angeles - Long Beach - Anaheim - Santa Ana
85253,10,Phoenix - Mesa
91030,10,Los Angeles - Long Beach - Anaheim - Santa Ana
91101,10,Los Angeles - Long Beach - Anaheim - Santa Ana
91103,10,Los Angeles - Long Beach - Anaheim - Santa Ana
91105,10,Los Angeles - Long Beach - Anaheim - Santa Ana
91106,10,Los Angeles - Long Beach - Anaheim - Santa Ana
91108,10,Los Angeles - Long Beach - Anaheim - Santa Ana
19135,10,Philadelphia
19136,10,Philadelphia
19137,10,Philadelphia
19138,10,Philadelphia
90713,10,Los Angeles - Long Beach - Anaheim - Santa Ana
90715,10,Los Angeles - Long Beach - Anaheim - Santa Ana
90716,10,Los Angeles - Long Beach - Anaheim - Santa Ana
90717,10,Los Angeles - Long Beach - Anaheim - Santa Ana
90720,10,Los Angeles - Long Beach - Anaheim - Santa Ana
90723,10,Los Angeles - Long Beach - Anaheim - Santa Ana
85256,10,Phoenix - Mesa
85257,10,Phoenix - Mesa
90731,10,Los Angeles - Long Beach - Anaheim - Santa Ana
90732,10,Los Angeles - Long Beach - Anaheim - Santa Ana
90740,10,Los Angeles - Long Beach - Anaheim - Santa Ana
90742,10,Los Angeles - Long Beach - Anaheim - Santa Ana
90743,10,Los Angeles - Long Beach - Anaheim - Santa Ana
90745,10,Los Angeles - Long Beach - Anaheim - Santa Ana
91201,10,Los Angeles - Long Beach - Anaheim - Santa Ana
91202,10,Los Angeles - Long Beach - Anaheim - Santa Ana
91203,10,Los Angeles - Long Beach - Anaheim - Santa Ana
91204,10,Los Angeles - Long Beach - Anaheim - Santa Ana
91205,10,Los Angeles - Long Beach - Anaheim - Santa Ana
91206,10,Los Angeles - Long Beach - Anaheim - Santa Ana
91207,10,Los Angeles - Long Beach - Anaheim - Santa Ana
91208,10,Los Angeles - Long Beach - Anaheim - Santa Ana
19141,10,Philadelphia
19144,10,Philadelphia
90746,10,Los Angeles - Long Beach - Anaheim - Santa Ana
90747,10,Los Angeles - Long Beach - Anaheim - Santa Ana
85281,10,Phoenix - Mesa
08096,10,Philadelphia
08097,10,Philadelphia
85282,10,Phoenix - Mesa
90805,10,Los Angeles - Long Beach - Anaheim - Santa Ana
85283,10,Phoenix - Mesa
85284,10,Phoenix - Mesa
90808,10,Los Angeles - Long Beach - Anaheim - Santa Ana
85295,10,Phoenix - Mesa
85296,10,Phoenix - Mesa
91210,10,Los Angeles - Long Beach - Anaheim - Santa Ana
19149,10,Philadelphia
19150,10,Philadelphia
19151,10,Philadelphia
19152,10,Philadelphia
19153,10,Philadelphia
20307,10,Washngton DC - Arlington
19003,10,Philadelphia
19004,10,Philadelphia
19012,10,Philadelphia
19018,10,Philadelphia
19023,10,Philadelphia
19026,10,Philadelphia
19027,10,Philadelphia
19029,10,Philadelphia
19032,10,Philadelphia
19033,10,Philadelphia
19035,10,Philadelphia
19036,10,Philadelphia
19041,10,Philadelphia
19043,10,Philadelphia
19050,10,Philadelphia
19064,10,Philadelphia
19066,10,Philadelphia
19070,10,Philadelphia
20781,10,Washngton DC - Arlington
91506,10,Los Angeles - Long Beach - Anaheim - Santa Ana
91602,10,Los Angeles - Long Beach - Anaheim - Santa Ana
20782,10,Washngton DC - Arlington
08059,10,Philadelphia
91608,10,Los Angeles - Long Beach - Anaheim - Santa Ana
08063,10,Philadelphia
08065,10,Philadelphia
08066,10,Philadelphia
08078,10,Philadelphia
91748,10,Los Angeles - Long Beach - Anaheim - Santa Ana
92139,10,San Diego
08086,10,Philadelphia
91752,10,Riverside
91754,10,Los Angeles - Long Beach - Anaheim - Santa Ana
91755,10,Los Angeles - Long Beach - Anaheim - Santa Ana
08093,10,Philadelphia
91770,10,Los Angeles - Long Beach - Anaheim - Santa Ana
91775,10,Los Angeles - Long Beach - Anaheim - Santa Ana
91776,10,Los Angeles - Long Beach - Anaheim - Santa Ana
91801,10,Los Angeles - Long Beach - Anaheim - Santa Ana
91803,10,Los Angeles - Long Beach - Anaheim - Santa Ana
91902,10,San Diego
91910,10,San Diego
91911,10,San Diego
91942,10,San Diego
91945,10,San Diego
91950,10,San Diego
91977,10,San Diego
20783,10,Washngton DC - Arlington
20784,10,Washngton DC - Arlington
92376,10,Riverside
92401,10,Riverside
92408,10,Riverside
92410,10,Riverside
92503,10,Riverside
92504,10,Riverside
92505,10,Riverside
92508,10,Riverside
92518,10,Riverside
92553,10,Riverside
92557,10,Riverside
22310,10,Washngton DC - Arlington
22312,10,Washngton DC - Arlington
22314,10,Washngton DC - Arlington
22315,10,Washngton DC - Arlington
92602,10,Los Angeles - Long Beach - Anaheim - Santa Ana
92603,10,Los Angeles - Long Beach - Anaheim - Santa Ana
92604,10,Los Angeles - Long Beach - Anaheim - Santa Ana
92612,10,Los Angeles - Long Beach - Anaheim - Santa Ana
92614,10,Los Angeles - Long Beach - Anaheim - Santa Ana
92617,10,Los Angeles - Long Beach - Anaheim - Santa Ana
92618,10,Los Angeles - Long Beach - Anaheim - Santa Ana
92620,10,Los Angeles - Long Beach - Anaheim - Santa Ana
92626,10,Los Angeles - Long Beach - Anaheim - Santa Ana
92627,10,Los Angeles - Long Beach - Anaheim - Santa Ana
92646,10,Los Angeles - Long Beach - Anaheim - Santa Ana
92647,10,Los Angeles - Long Beach - Anaheim - Santa Ana
92648,10,Los Angeles - Long Beach - Anaheim - Santa Ana
92649,10,Los Angeles - Long Beach - Anaheim - Santa Ana
92655,10,Los Angeles - Long Beach - Anaheim - Santa Ana
92660,10,Los Angeles - Long Beach - Anaheim - Santa Ana
92663,10,Los Angeles - Long Beach - Anaheim - Santa Ana
92683,10,Los Angeles - Long Beach - Anaheim - Santa Ana
21204,10,Baltimore
21206,10,Baltimore
21207,10,Baltimore
21208,10,Baltimore
21209,10,Baltimore
21212,10,Baltimore
08106,10,Philadelphia
08107,10,Philadelphia
08108,10,Philadelphia
08109,10,Philadelphia
08110,10,Philadelphia
32244,10,Jacksonville
32246,10,Jacksonville
20737,10,Washngton DC - Arlington
20740,10,Washngton DC - Arlington
20742,10,Washngton DC - Arlington
20743,10,Washngton DC - Arlington
20744,10,Washngton DC - Arlington
20745,10,Washngton DC - Arlington
20746,10,Washngton DC - Arlington
20747,10,Washngton DC - Arlington
20748,10,Washngton DC - Arlington
20710,10,Washngton DC - Arlington
20762,10,Washngton DC - Arlington
32225,10,Jacksonville
22027,10,Washngton DC - Arlington
92313,10,Riverside
92316,10,Riverside
22031,10,Washngton DC - Arlington
22042,10,Washngton DC - Arlington
22043,10,Washngton DC - Arlington
92324,10,Riverside
92335,10,Riverside
92337,10,Riverside
92354,10,Riverside
22046,10,Washngton DC - Arlington
91502,10,Los Angeles - Long Beach - Anaheim - Santa Ana
22101,10,Washngton DC - Arlington
90001,10,Los Angeles - Long Beach - Anaheim - Santa Ana
90002,10,Los Angeles - Long Beach - Anaheim - Santa Ana
90003,10,Los Angeles - Long Beach - Anaheim - Santa Ana
22102,10,Washngton DC - Arlington
22150,10,Washngton DC - Arlington
22151,10,Washngton DC - Arlington
90008,10,Los Angeles - Long Beach - Anaheim - Santa Ana
22180,10,Washngton DC - Arlington
90016,10,Los Angeles - Long Beach - Anaheim - Santa Ana
90019,10,Los Angeles - Long Beach - Anaheim - Santa Ana
90022,10,Los Angeles - Long Beach - Anaheim - Santa Ana
90027,10,Los Angeles - Long Beach - Anaheim - Santa Ana
90028,10,Los Angeles - Long Beach - Anaheim - Santa Ana
90034,10,Los Angeles - Long Beach - Anaheim - Santa Ana
90035,10,Los Angeles - Long Beach - Anaheim - Santa Ana
90036,10,Los Angeles - Long Beach - Anaheim - Santa Ana
90038,10,Los Angeles - Long Beach - Anaheim - Santa Ana
90040,10,Los Angeles - Long Beach - Anaheim - Santa Ana
90041,10,Los Angeles - Long Beach - Anaheim - Santa Ana
90042,10,Los Angeles - Long Beach - Anaheim - Santa Ana
90043,10,Los Angeles - Long Beach - Anaheim - Santa Ana
90044,10,Los Angeles - Long Beach - Anaheim - Santa Ana
90046,10,Los Angeles - Long Beach - Anaheim - Santa Ana
90047,10,Los Angeles - Long Beach - Anaheim - Santa Ana
90048,10,Los Angeles - Long Beach - Anaheim - Santa Ana
90062,10,Los Angeles - Long Beach - Anaheim - Santa Ana
90067,10,Los Angeles - Long Beach - Anaheim - Santa Ana
90068,10,Los Angeles - Long Beach - Anaheim - Santa Ana
90069,10,Los Angeles - Long Beach - Anaheim - Santa Ana
90201,10,Los Angeles - Long Beach - Anaheim - Santa Ana
90211,10,Los Angeles - Long Beach - Anaheim - Santa Ana
90212,10,Los Angeles - Long Beach - Anaheim - Santa Ana
90220,10,Los Angeles - Long Beach - Anaheim - Santa Ana
90221,10,Los Angeles - Long Beach - Anaheim - Santa Ana
90056,10,Los Angeles - Long Beach - Anaheim - Santa Ana
90059,10,Los Angeles - Long Beach - Anaheim - Santa Ana
90061,10,Los Angeles - Long Beach - Anaheim - Santa Ana
90222,10,Los Angeles - Long Beach - Anaheim - Santa Ana
90230,10,Los Angeles - Long Beach - Anaheim - Santa Ana
90232,10,Los Angeles - Long Beach - Anaheim - Santa Ana
90240,10,Los Angeles - Long Beach - Anaheim - Santa Ana
90248,10,Los Angeles - Long Beach - Anaheim - Santa Ana
90255,10,Los Angeles - Long Beach - Anaheim - Santa Ana
90262,10,Los Angeles - Long Beach - Anaheim - Santa Ana
32210,10,Jacksonville
32212,10,Jacksonville
32216,10,Jacksonville
32217,10,Jacksonville
90270,10,Los Angeles - Long Beach - Anaheim - Santa Ana
90275,10,Los Angeles - Long Beach - Anaheim - Santa Ana
90280,10,Los Angeles - Long Beach - Anaheim - Santa Ana
20012,10,Washngton DC - Arlington
20015,10,Washngton DC - Arlington
21060,10,Baltimore
21061,10,Baltimore
21075,10,Baltimore
90301,10,Los Angeles - Long Beach - Anaheim - Santa Ana
90302,10,Los Angeles - Long Beach - Anaheim - Santa Ana
90303,10,Los Angeles - Long Beach - Anaheim - Santa Ana
90305,10,Los Angeles - Long Beach - Anaheim - Santa Ana
21090,10,Baltimore
90501,10,Los Angeles - Long Beach - Anaheim - Santa Ana
90502,10,Los Angeles - Long Beach - Anaheim - Santa Ana
90505,10,Los Angeles - Long Beach - Anaheim - Santa Ana
90603,10,Los Angeles - Long Beach - Anaheim - Santa Ana
90604,10,Los Angeles - Long Beach - Anaheim - Santa Ana
90620,10,Los Angeles - Long Beach - Anaheim - Santa Ana
90621,10,Los Angeles - Long Beach - Anaheim - Santa Ana
90623,10,Los Angeles - Long Beach - Anaheim - Santa Ana
90630,10,Los Angeles - Long Beach - Anaheim - Santa Ana
90631,10,Los Angeles - Long Beach - Anaheim - Santa Ana
90638,10,Los Angeles - Long Beach - Anaheim - Santa Ana
90640,10,Los Angeles - Long Beach - Anaheim - Santa Ana
90660,10,Los Angeles - Long Beach - Anaheim - Santa Ana
90680,10,Los Angeles - Long Beach - Anaheim - Santa Ana
90701,10,Los Angeles - Long Beach - Anaheim - Santa Ana
90703,10,Los Angeles - Long Beach - Anaheim - Santa Ana
90706,10,Los Angeles - Long Beach - Anaheim - Santa Ana
90710,10,Los Angeles - Long Beach - Anaheim - Santa Ana
21153,10,Baltimore
19072,10,Philadelphia
19074,10,Philadelphia
19076,10,Philadelphia
19078,10,Philadelphia
19079,10,Philadelphia
19082,10,Philadelphia
19083,10,Philadelphia
19095,10,Philadelphia
19096,10,Philadelphia
32257,10,Jacksonville
21215,10,Baltimore
21219,10,Baltimore
21221,10,Baltimore
21222,10,Baltimore
08002,10,Philadelphia
21226,10,Baltimore
08007,10,Philadelphia
21227,10,Baltimore
21228,10,Baltimore
21234,10,Baltimore
21236,10,Baltimore
21237,10,Baltimore
21239,10,Baltimore
21240,10,Baltimore
08029,10,Philadelphia
21244,10,Baltimore
21250,10,Baltimore
21252,10,Baltimore
21286,10,Baltimore
08031,10,Philadelphia
08033,10,Philadelphia
85704,10,Tucson
85706,10,Tucson
85707,10,Tucson
85708,10,Tucson
85710,10,Tucson
85711,10,Tucson
85712,10,Tucson
85715,10,Tucson
85718,10,Tucson
85741,10,Tucson
85745,10,Tucson
85746,10,Tucson
92107,10,San Diego
85750,10,Tucson
92109,10,San Diego
22303,10,Washngton DC - Arlington
92111,10,San Diego
92114,10,San Diego
92115,10,San Diego
92117,10,San Diego
92119,10,San Diego
92120,10,San Diego
92122,10,San Diego
92123,10,San Diego
92124,10,San Diego
22304,10,Washngton DC - Arlington
22306,10,Washngton DC - Arlington
22307,10,Washngton DC - Arlington
08035,10,Philadelphia
85008,10,Phoenix - Mesa
85016,10,Phoenix - Mesa
20785,10,Washngton DC - Arlington
08045,10,Philadelphia
08049,10,Philadelphia
20812,10,Washngton DC - Arlington
20814,10,Washngton DC - Arlington
20815,10,Washngton DC - Arlington
20816,10,Washngton DC - Arlington
20817,10,Washngton DC - Arlington
20818,10,Washngton DC - Arlington
85018,10,Phoenix - Mesa
20895,10,Washngton DC - Arlington
20901,10,Washngton DC - Arlington
20903,10,Washngton DC - Arlington
94132,10,San Francisco - Oakland
95826,10,Sacramento
95827,10,Sacramento
95828,10,Sacramento
95831,10,Sacramento
95832,10,Sacramento
33578,10,Tampa
02458,10,Boston
02459,10,Boston
02460,10,Boston
02461,10,Boston
02464,10,Boston
02465,10,Boston
02466,10,Boston
02467,10,Boston
02468,10,Boston
02472,10,Boston
02474,10,Boston
02476,10,Boston
02478,10,Boston
02494,10,Boston
73119,10,Oklahoma City
73120,10,Oklahoma City
73122,10,Oklahoma City
73127,10,Oklahoma City
73128,10,Oklahoma City
73130,10,Oklahoma City
73131,10,Oklahoma City
73132,10,Oklahoma City
73134,10,Oklahoma City
73135,10,Oklahoma City
73139,10,Oklahoma City
73141,10,Oklahoma City
95835,10,Sacramento
95837,10,Sacramento
95838,10,Sacramento
95841,10,Sacramento
95864,10,Sacramento
73145,10,Oklahoma City
73149,10,Oklahoma City
73151,10,Oklahoma City
73159,10,Oklahoma City
73162,10,Oklahoma City
94516,10,San Francisco - Oakland
94530,10,San Francisco - Oakland
73179,10,Oklahoma City
94556,10,San Francisco - Oakland
94563,10,San Francisco - Oakland
27511,10,Raleigh
27513,10,Raleigh
94575,10,San Francisco - Oakland
94577,10,San Francisco - Oakland
43109,10,Columbus
27518,10,Raleigh
94603,10,San Francisco - Oakland
94605,10,San Francisco - Oakland
94613,10,San Francisco - Oakland
94619,10,San Francisco - Oakland
94621,10,San Francisco - Oakland
94706,10,San Francisco - Oakland
94707,10,San Francisco - Oakland
94708,10,San Francisco - Oakland
94709,10,San Francisco - Oakland
94804,10,San Francisco - Oakland
94805,10,San Francisco - Oakland
94850,10,San Francisco - Oakland
76016,10,Fort Worth
94920,10,San Francisco - Oakland
43123,10,Columbus
76053,10,Fort Worth
70001,10,New Orleans
70002,10,New Orleans
70003,10,New Orleans
70005,10,New Orleans
70006,10,New Orleans
64050,10,Kansas City
64052,10,Kansas City
64053,10,Kansas City
64054,10,Kansas City
70043,10,New Orleans
70058,10,New Orleans
07601,10,New York City
07603,10,New York City
07604,10,New York City
07605,10,New York City
07606,10,New York City
07608,10,New York City
23451,10,Virginia Beach
78719,10,Austin
70072,10,New Orleans
70075,10,New Orleans
23452,10,Virginia Beach
23454,10,Virginia Beach
23457,10,Virginia Beach
78724,10,Austin
78725,10,Austin
78730,10,Austin
78731,10,Austin
78733,10,Austin
78735,10,Austin
78742,10,Austin
78744,10,Austin
78745,10,Austin
78747,10,Austin
70094,10,New Orleans
07631,10,New York City
07632,10,New York City
07643,10,New York City
23461,10,Virginia Beach
23462,10,Virginia Beach
23464,10,Virginia Beach
78748,10,Austin
78749,10,Austin
78752,10,Austin
78753,10,Austin
78754,10,Austin
78757,10,Austin
78758,10,Austin
78759,10,Austin
70121,10,New Orleans
70123,10,New Orleans
07644,10,New York City
64113,10,Kansas City
64114,10,Kansas City
64117,10,Kansas City
64118,10,Kansas City
64119,10,Kansas City
70126,10,New Orleans
70127,10,New Orleans
70128,10,New Orleans
70131,10,New Orleans
60651,10,Chicago
60659,10,Chicago
60660,10,Chicago
60707,10,Chicago
60712,10,Chicago
60804,10,Chicago
80938,10,Colorado Springs
80939,10,Colorado Springs
80951,10,Colorado Springs
75060,10,Dallas
30288,10,Atlanta
53172,10,Milwaukee
30297,10,Atlanta
30305,10,Atlanta
30311,10,Atlanta
30319,10,Atlanta
67212,10,Wichita
67216,10,Wichita
67230,10,Wichita
30324,10,Atlanta
30326,10,Atlanta
30327,10,Atlanta
30329,10,Atlanta
30331,10,Atlanta
30337,10,Atlanta
30339,10,Atlanta
30342,10,Atlanta
30344,10,Atlanta
30345,10,Atlanta
30354,10,Atlanta
96701,10,Honolulu
87048,10,Albuquerque
77401,10,Houston
53209,10,Milwaukee
33610,10,Tampa
93307,10,Bakersfield
93312,10,Bakersfield
96734,10,Honolulu
87105,10,Albuquerque
87109,10,Albuquerque
87111,10,Albuquerque
87112,10,Albuquerque
87113,10,Albuquerque
87114,10,Albuquerque
87116,10,Albuquerque
87117,10,Albuquerque
33612,10,Tampa
33613,10,Tampa
33615,10,Tampa
33616,10,Tampa
33617,10,Tampa
33618,10,Tampa
33620,10,Tampa
96782,10,Honolulu
96795,10,Honolulu
87120,10,Albuquerque
48212,10,Detroit
73008,10,Oklahoma City
33621,10,Tampa
33624,10,Tampa
96818,10,Honolulu
96821,10,Honolulu
96853,10,Honolulu
01880,10,Boston
44119,10,Cleveland
44120,10,Cleveland
44121,10,Cleveland
44122,10,Cleveland
01890,10,Boston
01901,10,Boston
01902,10,Boston
01905,10,Boston
01906,10,Boston
01908,10,Boston
33634,10,Tampa
33637,10,Tampa
73013,10,Oklahoma City
44125,10,Cleveland
44126,10,Cleveland
44128,10,Cleveland
44129,10,Cleveland
44131,10,Cleveland
48146,10,Detroit
44134,10,Cleveland
44135,10,Cleveland
44137,10,Cleveland
07304,10,New York City
02026,10,Boston
02045,10,Boston
07002,10,New York City
44142,10,Cleveland
08077,10,Philadelphia
44144,10,Cleveland
44107,10,Cleveland
44108,10,Cleveland
44110,10,Cleveland
44111,10,Cleveland
44112,10,Cleveland
80918,10,Colorado Springs
44116,10,Cleveland
44117,10,Cleveland
02124,10,Boston
02126,10,Boston
02131,10,Boston
02132,10,Boston
07014,10,New York City
80919,10,Colorado Springs
80920,10,Colorado Springs
80922,10,Colorado Springs
80923,10,Colorado Springs
44118,10,Cleveland
02136,10,Boston
76112,10,Fort Worth
76116,10,Fort Worth
76117,10,Fort Worth
76118,10,Fort Worth
76119,10,Fort Worth
76120,10,Fort Worth
76123,10,Fort Worth
76127,10,Fort Worth
80906,10,Colorado Springs
07305,10,New York City
76131,10,Fort Worth
76132,10,Fort Worth
76133,10,Fort Worth
76134,10,Fort Worth
10451,10,New York City
10452,10,New York City
10453,10,New York City
10455,10,New York City
10456,10,New York City
10457,10,New York City
10458,10,New York City
10459,10,New York City
95691,10,Sacramento
94965,10,San Francisco - Oakland
95002,10,San Jose
95008,10,San Jose
80911,10,Colorado Springs
80913,10,Colorado Springs
80914,10,Colorado Springs
10460,10,New York City
10461,10,New York City
10462,10,New York City
10463,10,New York City
10465,10,New York City
77547,10,Houston
98353,10,Seattle
95030,10,San Jose
95032,10,San Jose
95035,10,San Jose
95051,10,San Jose
95054,10,San Jose
80915,10,Colorado Springs
80916,10,Colorado Springs
80917,10,Colorado Springs
78209,10,San Antonio
78211,10,San Antonio
78213,10,San Antonio
78214,10,San Antonio
10468,10,New York City
10472,10,New York City
10473,10,New York City
53110,10,Milwaukee
95118,10,San Jose
95119,10,San Jose
95123,10,San Jose
95124,10,San Jose
95127,10,San Jose
95129,10,San Jose
95130,10,San Jose
95132,10,San Jose
95134,10,San Jose
95148,10,San Jose
78216,10,San Antonio
78217,10,San Antonio
78218,10,San Antonio
78219,10,San Antonio
78220,10,San Antonio
78222,10,San Antonio
78223,10,San Antonio
78224,10,San Antonio
78226,10,San Antonio
78227,10,San Antonio
78228,10,San Antonio
78229,10,San Antonio
78230,10,San Antonio
78235,10,San Antonio
78236,10,San Antonio
78238,10,San Antonio
78240,10,San Antonio
53122,10,Milwaukee
53129,10,Milwaukee
53130,10,Milwaukee
77012,10,Houston
77013,10,Houston
77016,10,Houston
77017,10,Houston
77018,10,Houston
10474,10,New York City
10031,10,New York City
78242,10,San Antonio
78243,10,San Antonio
78244,10,San Antonio
79904,10,El Paso
79906,10,El Paso
79908,10,El Paso
77024,10,Houston
77025,10,Houston
10032,10,New York City
10033,10,New York City
10034,10,New York City
10039,10,New York City
10040,10,New York City
95821,10,Sacramento
95823,10,Sacramento
97005,10,Portland
97006,10,Portland
97008,10,Portland
97015,10,Portland
97027,10,Portland
79911,10,El Paso
79912,10,El Paso
79915,10,El Paso
79916,10,El Paso
79920,10,El Paso
79922,10,El Paso
79925,10,El Paso
79935,10,El Paso
11225,10,New York City
11226,10,New York City
11228,10,New York City
11230,10,New York City
11231,10,New York City
11232,10,New York City
11233,10,New York City
55101,10,Minneapolis
55102,10,Minneapolis
55103,10,Minneapolis
55104,10,Minneapolis
55105,10,Minneapolis
97034,10,Portland
97035,10,Portland
97086,10,Portland
11236,10,New York City
11238,10,New York City
11239,10,New York City
11351,10,New York City
11354,10,New York City
28134,10,Charlotte
95824,10,Sacramento
55107,10,Minneapolis
55111,10,Minneapolis
55112,10,Minneapolis
55113,10,Minneapolis
55116,10,Minneapolis
55117,10,Minneapolis
55118,10,Minneapolis
55120,10,Minneapolis
11355,10,New York City
11356,10,New York City
11357,10,New York City
11358,10,New York City
28210,10,Charlotte
28212,10,Charlotte
28213,10,Charlotte
28214,10,Charlotte
28215,10,Charlotte
28216,10,Charlotte
28217,10,Charlotte
28226,10,Charlotte
28262,10,Charlotte
28269,10,Charlotte
55126,10,Minneapolis
97203,10,Portland
11367,10,New York City
11368,10,New York City
11369,10,New York City
28270,10,Charlotte
28273,10,Charlotte
55130,10,Minneapolis
55150,10,Minneapolis
55155,10,Minneapolis
55305,10,Minneapolis
48203,10,Detroit
11370,10,New York City
11371,10,New York City
11372,10,New York City
11373,10,New York City
11374,10,New York City
11375,10,New York City
60609,10,Chicago
55343,10,Minneapolis
48204,10,Detroit
48205,10,Detroit
11379,10,New York City
11385,10,New York City
11414,10,New York City
74131,10,Tulsa
43219,10,Columbus
60130,10,Chicago
74133,10,Tulsa
74134,10,Tulsa
72301,10,Memphis
07104,10,New York City
07105,10,New York City
74146,10,Tulsa
07057,10,New York City
46214,10,Indianapolis
46217,10,Indianapolis
46219,10,Indianapolis
46220,10,Indianapolis
46221,10,Indianapolis
46224,10,Indianapolis
96860,10,Honolulu
67215,10,Wichita
67217,10,Wichita
07109,10,New York City
72364,10,Memphis
07070,10,New York City
07071,10,New York City
46226,10,Indianapolis
46227,10,Indianapolis
46228,10,Indianapolis
46229,10,Indianapolis
46231,10,Indianapolis
46234,10,Indianapolis
46237,10,Indianapolis
46239,10,Indianapolis
46240,10,Indianapolis
46241,10,Indianapolis
46254,10,Indianapolis
46260,10,Indianapolis
46268,10,Indianapolis
67219,10,Wichita
67220,10,Wichita
67223,10,Wichita
67226,10,Wichita
67227,10,Wichita
67235,10,Wichita
11203,10,New York City
11204,10,New York City
02155,10,Boston
02169,10,Boston
02170,10,Boston
02171,10,Boston
02176,10,Boston
02180,10,Boston
02186,10,Boston
33510,10,Tampa
07072,10,New York City
07073,10,New York City
07074,10,New York City
07075,10,New York City
40025,10,Louisville
48030,10,Detroit
11207,10,New York City
11208,10,New York City
11209,10,New York City
11210,10,New York City
33534,10,Tampa
98033,10,Seattle
98034,10,Seattle
40041,10,Louisville
11212,10,New York City
11213,10,New York City
11215,10,New York City
11216,10,New York City
11217,10,New York City
11218,10,New York City
11219,10,New York City
98040,10,Seattle
98056,10,Seattle
98136,10,Seattle
98146,10,Seattle
11220,10,New York City
11221,10,New York City
98168,10,Seattle
98177,10,Seattle
98178,10,Seattle
75209,10,Dallas
75211,10,Dallas
68005,10,Omaha
02452,10,Boston
02453,10,Boston
78374,10,Corpus Christi
78406,10,Corpus Christi
78409,10,Corpus Christi
78412,10,Corpus Christi
78413,10,Corpus Christi
78414,10,Corpus Christi
78417,10,Corpus Christi
98115,10,Seattle
98117,10,Seattle
98118,10,Seattle
75217,10,Dallas
75218,10,Dallas
75220,10,Dallas
75224,10,Dallas
48213,10,Detroit
48215,10,Detroit
23320,10,Virginia Beach
75225,10,Dallas
75227,10,Dallas
75228,10,Dallas
75229,10,Dallas
75230,10,Dallas
75231,10,Dallas
75232,10,Dallas
75233,10,Dallas
98125,10,Seattle
98133,10,Seattle
48217,10,Detroit
48218,10,Detroit
48221,10,Detroit
48224,10,Detroit
48225,10,Detroit
75237,10,Dallas
75238,10,Dallas
75241,10,Dallas
48227,10,Detroit
48228,10,Detroit
48229,10,Detroit
48230,10,Detroit
48234,10,Detroit
95608,10,Sacramento
75247,10,Dallas
75251,10,Dallas
76135,10,Fort Worth
76137,10,Fort Worth
76140,10,Fort Worth
80024,10,Denver - Aurora
80030,10,Denver - Aurora
80031,10,Denver - Aurora
80033,10,Denver - Aurora
80045,10,Denver - Aurora
80110,10,Denver - Aurora
80112,10,Denver - Aurora
80113,10,Denver - Aurora
80121,10,Denver - Aurora
80122,10,Denver - Aurora
80123,10,Denver - Aurora
80124,10,Denver - Aurora
80809,10,Colorado Springs
48238,10,Detroit
44105,10,Cleveland
76148,10,Fort Worth
76180,10,Fort Worth
80215,10,Denver - Aurora
80221,10,Denver - Aurora
80222,10,Denver - Aurora
80226,10,Denver - Aurora
80227,10,Denver - Aurora
80228,10,Denver - Aurora
95652,10,Sacramento
95660,10,Sacramento
95673,10,Sacramento
53214,10,Milwaukee
53217,10,Milwaukee
53218,10,Milwaukee
53219,10,Milwaukee
53220,10,Milwaukee
53221,10,Milwaukee
53222,10,Milwaukee
53223,10,Milwaukee
53225,10,Milwaukee
53226,10,Milwaukee
53227,10,Milwaukee
53228,10,Milwaukee
74103,10,Tulsa
74106,10,Tulsa
74107,10,Tulsa
80229,10,Denver - Aurora
80230,10,Denver - Aurora
80232,10,Denver - Aurora
80235,10,Denver - Aurora
80236,10,Denver - Aurora
80238,10,Denver - Aurora
80239,10,Denver - Aurora
80260,10,Denver - Aurora
60613,10,Chicago
60615,10,Chicago
74108,10,Tulsa
74110,10,Tulsa
74115,10,Tulsa
74116,10,Tulsa
53235,10,Milwaukee
60618,10,Chicago
60619,10,Chicago
60620,10,Chicago
60621,10,Chicago
60623,10,Chicago
60625,10,Chicago
60626,10,Chicago
60629,10,Chicago
60630,10,Chicago
74127,10,Tulsa
74128,10,Tulsa
60644,10,Chicago
47468,10,Nashville
60632,10,Chicago
60634,10,Chicago
60636,10,Chicago
60637,10,Chicago
60645,10,Chicago
60649,10,Chicago
60639,10,Chicago
60640,10,Chicago
60641,10,Chicago
43220,10,Columbus
43221,10,Columbus
43224,10,Columbus
43227,10,Columbus
43228,10,Columbus
43229,10,Columbus
43230,10,Columbus
43231,10,Columbus
43232,10,Columbus
43235,10,Columbus
33010,10,Miami
33013,10,Miami
30079,10,Atlanta
43207,10,Columbus
89005,10,Las Vegas - Henderson
30002,10,Atlanta
30021,10,Atlanta
30030,10,Atlanta
30032,10,Atlanta
30033,10,Atlanta
30034,10,Atlanta
11415,10,New York City
11416,10,New York City
11417,10,New York City
11418,10,New York City
11419,10,New York City
11421,10,New York City
89031,10,Las Vegas - Henderson
89052,10,Las Vegas - Henderson
89074,10,Las Vegas - Henderson
89081,10,Las Vegas - Henderson
89084,10,Las Vegas - Henderson
89086,10,Las Vegas - Henderson
89103,10,Las Vegas - Henderson
89110,10,Las Vegas - Henderson
89113,10,Las Vegas - Henderson
89115,10,Las Vegas - Henderson
89117,10,Las Vegas - Henderson
89118,10,Las Vegas - Henderson
89119,10,Las Vegas - Henderson
33109,10,Miami
33122,10,Miami
33126,10,Miami
33127,10,Miami
33132,10,Miami
07650,10,New York City
11424,10,New York City
89120,10,Las Vegas - Henderson
89122,10,Las Vegas - Henderson
89123,10,Las Vegas - Henderson
89128,10,Las Vegas - Henderson
89129,10,Las Vegas - Henderson
89130,10,Las Vegas - Henderson
89134,10,Las Vegas - Henderson
89139,10,Las Vegas - Henderson
89142,10,Las Vegas - Henderson
89144,10,Las Vegas - Henderson
33137,10,Miami
33138,10,Miami
68122,10,Omaha
68124,10,Omaha
68127,10,Omaha
68128,10,Omaha
07657,10,New York City
07660,10,New York City
07666,10,New York City
11435,10,New York City
89145,10,Las Vegas - Henderson
89147,10,Las Vegas - Henderson
89156,10,Las Vegas - Henderson
89191,10,Las Vegas - Henderson
33139,10,Miami
33140,10,Miami
33142,10,Miami
33144,10,Miami
68134,10,Omaha
68137,10,Omaha
68144,10,Omaha
68147,10,Omaha
68152,10,Omaha
68154,10,Omaha
68157,10,Omaha
68164,10,Omaha
33147,10,Miami
33150,10,Miami
33156,10,Miami
33158,10,Miami
48120,10,Detroit
48122,10,Detroit
33165,10,Miami
33166,10,Miami
33172,10,Miami
33173,10,Miami
48126,10,Detroit
80002,10,Denver - Aurora
80003,10,Denver - Aurora
80004,10,Denver - Aurora
80010,10,Denver - Aurora
80011,10,Denver - Aurora
80016,10,Denver - Aurora
80018,10,Denver - Aurora
55410,10,Minneapolis
55417,10,Minneapolis
40207,10,Louisville
55419,10,Minneapolis
55420,10,Minneapolis
55421,10,Minneapolis
55423,10,Minneapolis
55424,10,Minneapolis
33174,10,Miami
33176,10,Miami
47150,10,Louisville
47172,10,Louisville
40213,10,Louisville
47130,10,Louisville
53005,10,Milwaukee
53007,10,Milwaukee
66102,10,Kansas City
66104,10,Kansas City
55425,10,Minneapolis
55426,10,Minneapolis
55427,10,Minneapolis
55428,10,Minneapolis
55429,10,Minneapolis
55430,10,Minneapolis
55432,10,Minneapolis
55435,10,Minneapolis
40214,10,Louisville
48091,10,Detroit
40216,10,Louisville
40218,10,Louisville
98661,10,Portland
98663,10,Portland
98664,10,Portland
60301,10,Chicago
60302,10,Chicago
60304,10,Chicago
60305,10,Chicago
60402,10,Chicago
88063,10,El Paso
07024,10,New York City
66106,10,Kansas City
66202,10,Kansas City
66203,10,Kansas City
66204,10,Kansas City
66205,10,Kansas City
55436,10,Minneapolis
55439,10,Minneapolis
55441,10,Minneapolis
55442,10,Minneapolis
55444,10,Minneapolis
40219,10,Louisville
40220,10,Louisville
40222,10,Louisville
48101,10,Detroit
40231,10,Louisville
40242,10,Louisville
40258,10,Louisville
07029,10,New York City
07031,10,New York City
07032,10,New York City
66208,10,Kansas City
55450,10,Minneapolis
93611,10,Fresno
93612,10,Fresno
27529,10,Raleigh
27545,10,Raleigh
73084,10,Oklahoma City
93650,10,Fresno
93706,10,Fresno
93710,10,Fresno
93711,10,Fresno
73110,10,Oklahoma City
73114,10,Oklahoma City
73115,10,Oklahoma City
51503,10,Omaha
93720,10,Fresno
93722,10,Fresno
93723,10,Fresno
93725,10,Fresno
93727,10,Fresno
74012,10,Tulsa
27603,10,Raleigh
27604,10,Raleigh
27607,10,Raleigh
27610,10,Raleigh
27612,10,Raleigh
27615,10,Raleigh
27616,10,Raleigh
67067,10,Wichita
67101,10,Wichita
51526,10,Omaha
94005,10,San Francisco - Oakland
94014,10,San Francisco - Oakland
94015,10,San Francisco - Oakland
94080,10,San Francisco - Oakland
77028,10,Houston
77029,10,Houston
77033,10,Houston
77035,10,Houston
77037,10,Houston
77045,10,Houston
77048,10,Houston
67204,10,Wichita
67205,10,Wichita
67206,10,Wichita
94085,10,San Jose
94086,10,San Jose
94087,10,San Jose
94089,10,San Jose
74037,10,Tulsa
77051,10,Houston
77054,10,Houston
77055,10,Houston
77056,10,Houston
77057,10,Houston
77061,10,Houston
77063,10,Houston
74050,10,Tulsa
77076,10,Houston
77078,10,Houston
77081,10,Houston
77087,10,Houston
77088,10,Houston
77091,10,Houston
77092,10,Houston
77093,10,Houston
77096,10,Houston
97211,10,Portland
67207,10,Wichita
67209,10,Wichita
67210,10,Wichita
43085,10,Columbus
97216,10,Portland
97217,10,Portland
97218,10,Portland
97220,10,Portland
97222,10,Portland
97223,10,Portland
97224,10,Portland
97229,10,Portland
97230,10,Portland
97233,10,Portland
97236,10,Portland
64129,10,Kansas City
97266,10,Portland
97267,10,Portland
43213,10,Columbus
43214,10,Columbus
64130,10,Kansas City
64131,10,Kansas City
64132,10,Kansas City
64133,10,Kansas City
38108,10,Memphis
38109,10,Memphis
38111,10,Memphis
38114,10,Memphis
38116,10,Memphis
64150,10,Kansas City
64151,10,Kansas City
38117,10,Memphis
38122,10,Memphis
38127,10,Memphis
38128,10,Memphis
38131,10,Memphis
38132,10,Memphis
38152,10,Memphis
68112,10,Omaha
68113,10,Omaha
68114,10,Omaha
80829,10,Colorado Springs
08034,10,Philadelphia
64161,10,Kansas City
98004,10,Seattle
98005,10,Seattle
98006,10,Seattle
98007,10,Seattle
08052,10,Philadelphia
92808,15,Los Angeles - Long Beach - Anaheim - Santa Ana
92860,15,Riverside
92879,15,Riverside
92880,15,Riverside
92881,15,Riverside
92887,15,Los Angeles - Long Beach - Anaheim - Santa Ana
20190,15,Washngton DC - Arlington
20191,15,Washngton DC - Arlington
85022,15,Phoenix - Mesa
85023,15,Phoenix - Mesa
85029,15,Phoenix - Mesa
85032,15,Phoenix - Mesa
85037,15,Phoenix - Mesa
85045,15,Phoenix - Mesa
85297,15,Phoenix - Mesa
85298,15,Phoenix - Mesa
91001,15,Los Angeles - Long Beach - Anaheim - Santa Ana
91006,15,Los Angeles - Long Beach - Anaheim - Santa Ana
91007,15,Los Angeles - Long Beach - Anaheim - Santa Ana
85302,15,Phoenix - Mesa
19115,15,Philadelphia
19116,15,Philadelphia
85053,15,Phoenix - Mesa
85303,15,Phoenix - Mesa
91011,15,Los Angeles - Long Beach - Anaheim - Santa Ana
85304,15,Phoenix - Mesa
85305,15,Phoenix - Mesa
91020,15,Los Angeles - Long Beach - Anaheim - Santa Ana
85306,15,Phoenix - Mesa
91024,15,Los Angeles - Long Beach - Anaheim - Santa Ana
85307,15,Phoenix - Mesa
85207,15,Phoenix - Mesa
85208,15,Phoenix - Mesa
85209,15,Phoenix - Mesa
85212,15,Phoenix - Mesa
85226,15,Phoenix - Mesa
85248,15,Phoenix - Mesa
85249,15,Phoenix - Mesa
91046,15,Los Angeles - Long Beach - Anaheim - Santa Ana
91104,15,Los Angeles - Long Beach - Anaheim - Santa Ana
91107,15,Los Angeles - Long Beach - Anaheim - Santa Ana
85254,15,Phoenix - Mesa
85258,15,Phoenix - Mesa
85259,15,Phoenix - Mesa
85260,15,Phoenix - Mesa
21030,15,Baltimore
21031,15,Baltimore
85323,15,Phoenix - Mesa
85268,15,Phoenix - Mesa
85286,15,Phoenix - Mesa
91214,15,Los Angeles - Long Beach - Anaheim - Santa Ana
19001,15,Philadelphia
19006,15,Philadelphia
19008,15,Philadelphia
19009,15,Philadelphia
19010,15,Philadelphia
19013,15,Philadelphia
19015,15,Philadelphia
19022,15,Philadelphia
19025,15,Philadelphia
19031,15,Philadelphia
19034,15,Philadelphia
19038,15,Philadelphia
19046,15,Philadelphia
19063,15,Philadelphia
20774,15,Washngton DC - Arlington
91601,15,Los Angeles - Long Beach - Anaheim - Santa Ana
91604,15,Los Angeles - Long Beach - Anaheim - Santa Ana
08056,15,Philadelphia
08061,15,Philadelphia
20607,15,Washngton DC - Arlington
91605,15,Los Angeles - Long Beach - Anaheim - Santa Ana
91606,15,Los Angeles - Long Beach - Anaheim - Santa Ana
91607,15,Los Angeles - Long Beach - Anaheim - Santa Ana
91709,15,Los Angeles - Long Beach - Anaheim - Santa Ana
91730,15,Riverside
91731,15,Los Angeles - Long Beach - Anaheim - Santa Ana
91732,15,Los Angeles - Long Beach - Anaheim - Santa Ana
91733,15,Los Angeles - Long Beach - Anaheim - Santa Ana
85381,15,Phoenix - Mesa
91744,15,Los Angeles - Long Beach - Anaheim - Santa Ana
91745,15,Los Angeles - Long Beach - Anaheim - Santa Ana
91746,15,Los Angeles - Long Beach - Anaheim - Santa Ana
92131,15,San Diego
08080,15,Philadelphia
08083,15,Philadelphia
85392,15,Phoenix - Mesa
91761,15,Riverside
91764,15,Riverside
91765,15,Los Angeles - Long Beach - Anaheim - Santa Ana
92154,15,San Diego
92173,15,San Diego
08090,15,Philadelphia
20623,15,Washngton DC - Arlington
91780,15,Los Angeles - Long Beach - Anaheim - Santa Ana
91789,15,Los Angeles - Long Beach - Anaheim - Santa Ana
91792,15,Los Angeles - Long Beach - Anaheim - Santa Ana
91913,15,San Diego
91914,15,San Diego
91915,15,San Diego
91932,15,San Diego
91941,15,San Diego
91978,15,San Diego
92373,15,Riverside
92374,15,Riverside
92377,15,Riverside
92405,15,Riverside
92411,15,Riverside
92551,15,Riverside
92570,15,Riverside
92571,15,Riverside
22309,15,Washngton DC - Arlington
92610,15,Los Angeles - Long Beach - Anaheim - Santa Ana
92625,15,Los Angeles - Long Beach - Anaheim - Santa Ana
92630,15,Los Angeles - Long Beach - Anaheim - Santa Ana
92637,15,Los Angeles - Long Beach - Anaheim - Santa Ana
92651,15,Los Angeles - Long Beach - Anaheim - Santa Ana
92653,15,Los Angeles - Long Beach - Anaheim - Santa Ana
92656,15,Los Angeles - Long Beach - Anaheim - Santa Ana
92657,15,Los Angeles - Long Beach - Anaheim - Santa Ana
92661,15,Los Angeles - Long Beach - Anaheim - Santa Ana
92662,15,Los Angeles - Long Beach - Anaheim - Santa Ana
92676,15,Los Angeles - Long Beach - Anaheim - Santa Ana
21162,15,Baltimore
21163,15,Baltimore
32226,15,Jacksonville
19405,15,Philadelphia
19428,15,Philadelphia
32222,15,Jacksonville
32233,15,Jacksonville
19444,15,Philadelphia
19462,15,Philadelphia
32256,15,Jacksonville
20735,15,Washngton DC - Arlington
20701,15,Baltimore
20705,15,Washngton DC - Arlington
20755,15,Baltimore
20706,15,Washngton DC - Arlington
20708,15,Washngton DC - Arlington
20769,15,Washngton DC - Arlington
20770,15,Washngton DC - Arlington
32219,15,Jacksonville
32220,15,Jacksonville
32221,15,Jacksonville
20720,15,Washngton DC - Arlington
20721,15,Washngton DC - Arlington
32223,15,Jacksonville
32224,15,Jacksonville
22015,15,Washngton DC - Arlington
22030,15,Washngton DC - Arlington
22032,15,Washngton DC - Arlington
22035,15,Washngton DC - Arlington
92336,15,Riverside
92346,15,Riverside
22060,15,Washngton DC - Arlington
22066,15,Washngton DC - Arlington
91352,15,Los Angeles - Long Beach - Anaheim - Santa Ana
85345,15,Phoenix - Mesa
91401,15,Los Angeles - Long Beach - Anaheim - Santa Ana
85353,15,Phoenix - Mesa
91403,15,Los Angeles - Long Beach - Anaheim - Santa Ana
91423,15,Los Angeles - Long Beach - Anaheim - Santa Ana
91501,15,Los Angeles - Long Beach - Anaheim - Santa Ana
91504,15,Los Angeles - Long Beach - Anaheim - Santa Ana
91505,15,Los Angeles - Long Beach - Anaheim - Santa Ana
22124,15,Washngton DC - Arlington
22152,15,Washngton DC - Arlington
22153,15,Washngton DC - Arlington
22181,15,Washngton DC - Arlington
22182,15,Washngton DC - Arlington
22185,15,Washngton DC - Arlington
90024,15,Los Angeles - Long Beach - Anaheim - Santa Ana
90025,15,Los Angeles - Long Beach - Anaheim - Santa Ana
90045,15,Los Angeles - Long Beach - Anaheim - Santa Ana
90049,15,Los Angeles - Long Beach - Anaheim - Santa Ana
90064,15,Los Angeles - Long Beach - Anaheim - Santa Ana
90066,15,Los Angeles - Long Beach - Anaheim - Santa Ana
90073,15,Los Angeles - Long Beach - Anaheim - Santa Ana
90077,15,Los Angeles - Long Beach - Anaheim - Santa Ana
32073,15,Jacksonville
90094,15,Los Angeles - Long Beach - Anaheim - Santa Ana
90095,15,Los Angeles - Long Beach - Anaheim - Santa Ana
90210,15,Los Angeles - Long Beach - Anaheim - Santa Ana
21043,15,Baltimore
21045,15,Baltimore
90241,15,Los Angeles - Long Beach - Anaheim - Santa Ana
90242,15,Los Angeles - Long Beach - Anaheim - Santa Ana
90245,15,Los Angeles - Long Beach - Anaheim - Santa Ana
90247,15,Los Angeles - Long Beach - Anaheim - Santa Ana
90249,15,Los Angeles - Long Beach - Anaheim - Santa Ana
90250,15,Los Angeles - Long Beach - Anaheim - Santa Ana
90254,15,Los Angeles - Long Beach - Anaheim - Santa Ana
90260,15,Los Angeles - Long Beach - Anaheim - Santa Ana
21046,15,Baltimore
21052,15,Baltimore
21057,15,Baltimore
32218,15,Jacksonville
90266,15,Los Angeles - Long Beach - Anaheim - Santa Ana
90274,15,Los Angeles - Long Beach - Anaheim - Santa Ana
90277,15,Los Angeles - Long Beach - Anaheim - Santa Ana
90278,15,Los Angeles - Long Beach - Anaheim - Santa Ana
90291,15,Los Angeles - Long Beach - Anaheim - Santa Ana
90292,15,Los Angeles - Long Beach - Anaheim - Santa Ana
90293,15,Los Angeles - Long Beach - Anaheim - Santa Ana
21076,15,Baltimore
90304,15,Los Angeles - Long Beach - Anaheim - Santa Ana
90401,15,Los Angeles - Long Beach - Anaheim - Santa Ana
21077,15,Baltimore
21082,15,Baltimore
21093,15,Baltimore
21108,15,Baltimore
90403,15,Los Angeles - Long Beach - Anaheim - Santa Ana
90404,15,Los Angeles - Long Beach - Anaheim - Santa Ana
90405,15,Los Angeles - Long Beach - Anaheim - Santa Ana
90503,15,Los Angeles - Long Beach - Anaheim - Santa Ana
90504,15,Los Angeles - Long Beach - Anaheim - Santa Ana
90506,15,Los Angeles - Long Beach - Anaheim - Santa Ana
90601,15,Los Angeles - Long Beach - Anaheim - Santa Ana
90602,15,Los Angeles - Long Beach - Anaheim - Santa Ana
90605,15,Los Angeles - Long Beach - Anaheim - Santa Ana
90606,15,Los Angeles - Long Beach - Anaheim - Santa Ana
90650,15,Los Angeles - Long Beach - Anaheim - Santa Ana
90670,15,Los Angeles - Long Beach - Anaheim - Santa Ana
21117,15,Baltimore
21122,15,Baltimore
21128,15,Baltimore
21131,15,Baltimore
21133,15,Baltimore
21144,15,Baltimore
21146,15,Baltimore
19073,15,Philadelphia
19075,15,Philadelphia
19081,15,Philadelphia
19085,15,Philadelphia
19086,15,Philadelphia
19087,15,Philadelphia
19090,15,Philadelphia
19094,15,Philadelphia
32258,15,Jacksonville
32266,15,Jacksonville
21220,15,Baltimore
08012,15,Philadelphia
08014,15,Philadelphia
08020,15,Philadelphia
08021,15,Philadelphia
08027,15,Philadelphia
92020,15,San Diego
92037,15,San Diego
92071,15,San Diego
85730,15,Tucson
85737,15,Tucson
85742,15,Tucson
85743,15,Tucson
85748,15,Tucson
85749,15,Tucson
85756,15,Tucson
85757,15,Tucson
92121,15,San Diego
92126,15,San Diego
22308,15,Washngton DC - Arlington
20794,15,Baltimore
08051,15,Philadelphia
20851,15,Washngton DC - Arlington
20852,15,Washngton DC - Arlington
20853,15,Washngton DC - Arlington
20854,15,Washngton DC - Arlington
20896,15,Washngton DC - Arlington
20902,15,Washngton DC - Arlington
20904,15,Washngton DC - Arlington
20906,15,Washngton DC - Arlington
94128,15,San Francisco - Oakland
95829,15,Sacramento
95830,15,Sacramento
33579,15,Tampa
33584,15,Tampa
33592,15,Tampa
33594,15,Tampa
33596,15,Tampa
02457,15,Boston
02462,15,Boston
02481,15,Boston
02482,15,Boston
02492,15,Boston
02493,15,Boston
75115,15,Dallas
75116,15,Dallas
75134,15,Dallas
73142,15,Oklahoma City
94306,15,San Jose
94507,15,San Francisco - Oakland
95842,15,Sacramento
95843,15,Sacramento
75137,15,Dallas
75141,15,Dallas
75146,15,Dallas
75149,15,Dallas
75150,15,Dallas
73150,15,Oklahoma City
73160,15,Oklahoma City
94523,15,San Francisco - Oakland
94538,15,San Jose
94539,15,San Jose
94541,15,San Francisco - Oakland
75172,15,Dallas
75180,15,Dallas
75181,15,Dallas
73165,15,Oklahoma City
73169,15,Oklahoma City
73170,15,Oklahoma City
73173,15,Oklahoma City
94546,15,San Francisco - Oakland
94547,15,San Francisco - Oakland
94549,15,San Francisco - Oakland
94560,15,San Jose
94564,15,San Francisco - Oakland
75182,15,Dallas
94578,15,San Francisco - Oakland
94579,15,San Francisco - Oakland
94580,15,San Francisco - Oakland
94595,15,San Francisco - Oakland
94596,15,San Francisco - Oakland
94597,15,San Francisco - Oakland
43110,15,Columbus
27519,15,Raleigh
27520,15,Raleigh
94801,15,San Francisco - Oakland
94803,15,San Francisco - Oakland
94806,15,San Francisco - Oakland
94901,15,San Francisco - Oakland
94904,15,San Francisco - Oakland
43116,15,Columbus
43119,15,Columbus
76001,15,Fort Worth
76006,15,Fort Worth
76010,15,Dallas
76011,15,Dallas
76012,15,Fort Worth
76013,15,Fort Worth
76014,15,Fort Worth
76015,15,Fort Worth
76017,15,Fort Worth
94925,15,San Francisco - Oakland
94939,15,San Francisco - Oakland
94941,15,San Francisco - Oakland
43125,15,Columbus
43126,15,Columbus
76021,15,Fort Worth
76022,15,Fort Worth
76034,15,Fort Worth
76036,15,Fort Worth
76040,15,Fort Worth
78359,15,Corpus Christi
07513,15,New York City
07514,15,New York City
78362,15,Corpus Christi
64055,15,Kansas City
64056,15,Kansas City
64057,15,Kansas City
19114,15,Philadelphia
70031,15,New Orleans
70037,15,New Orleans
60501,15,Chicago
07607,15,New York City
64065,15,Kansas City
64068,15,Kansas City
53045,15,Milwaukee
53046,15,Milwaukee
70062,15,New Orleans
70065,15,New Orleans
70087,15,New Orleans
60513,15,Chicago
07620,15,New York City
07621,15,New York City
07626,15,New York City
07627,15,New York City
07628,15,New York City
23455,15,Virginia Beach
78726,15,Austin
78727,15,Austin
78728,15,Austin
78729,15,Austin
78732,15,Austin
78734,15,Austin
78736,15,Austin
78737,15,Austin
78738,15,Austin
78739,15,Austin
64092,15,Kansas City
53051,15,Milwaukee
70092,15,New Orleans
07641,15,New York City
23459,15,Virginia Beach
23502,15,Virginia Beach
78750,15,Austin
07646,15,New York City
23504,15,Virginia Beach
75001,15,Dallas
75006,15,Dallas
75038,15,Dallas
75039,15,Dallas
75040,15,Dallas
75041,15,Dallas
75042,15,Dallas
75043,15,Dallas
55055,15,Minneapolis
60652,15,Chicago
23509,15,Virginia Beach
60655,15,Chicago
60656,15,Chicago
60706,15,Chicago
60714,15,Chicago
60805,15,Chicago
75050,15,Dallas
75051,15,Dallas
75061,15,Dallas
75062,15,Dallas
75063,15,Dallas
75080,15,Dallas
75081,15,Dallas
30260,15,Atlanta
30273,15,Atlanta
30274,15,Atlanta
30291,15,Atlanta
53146,15,Milwaukee
53151,15,Milwaukee
53154,15,Milwaukee
67002,15,Wichita
67030,15,Wichita
30294,15,Atlanta
30296,15,Atlanta
53186,15,Milwaukee
93220,15,Bakersfield
93241,15,Bakersfield
67228,15,Wichita
67232,15,Wichita
30328,15,Atlanta
30336,15,Atlanta
30338,15,Atlanta
30340,15,Atlanta
30341,15,Atlanta
30346,15,Atlanta
30349,15,Atlanta
30360,15,Atlanta
96706,15,Honolulu
60525,15,Chicago
60526,15,Chicago
60534,15,Chicago
87022,15,Albuquerque
01773,15,Boston
77396,15,Houston
93306,15,Bakersfield
93308,15,Bakersfield
93313,15,Bakersfield
93314,15,Bakersfield
96744,15,Honolulu
60546,15,Chicago
60558,15,Chicago
01801,15,Boston
01803,15,Boston
96789,15,Honolulu
96797,15,Honolulu
87121,15,Albuquerque
87122,15,Albuquerque
87123,15,Albuquerque
87124,15,Albuquerque
01867,15,Boston
73003,15,Oklahoma City
38671,15,Memphis
33625,15,Tampa
33626,15,Tampa
96825,15,Honolulu
48397,15,Detroit
38680,15,Memphis
48138,15,Detroit
48141,15,Detroit
01887,15,Boston
01904,15,Boston
01907,15,Boston
33635,15,Tampa
33647,15,Tampa
73012,15,Oklahoma City
78617,15,Austin
78652,15,Austin
78653,15,Austin
44123,15,Cleveland
44124,15,Cleveland
44130,15,Cleveland
07205,15,New York City
07206,15,New York City
01940,15,Boston
01945,15,Boston
33702,15,Tampa
33703,15,Tampa
33704,15,Tampa
44132,15,Cleveland
44133,15,Cleveland
44136,15,Cleveland
48180,15,Detroit
07208,15,New York City
08054,15,Philadelphia
08057,15,Philadelphia
01960,15,Boston
01970,15,Boston
02021,15,Boston
02025,15,Boston
02030,15,Boston
02043,15,Boston
07003,15,New York City
33716,15,Tampa
33762,15,Tampa
44138,15,Cleveland
44140,15,Cleveland
44141,15,Cleveland
44143,15,Cleveland
40272,15,Louisville
60068,15,Chicago
40291,15,Louisville
08075,15,Philadelphia
02062,15,Boston
02090,15,Boston
07009,15,New York City
07011,15,New York City
07012,15,New York City
44145,15,Cleveland
44146,15,Cleveland
44147,15,Cleveland
40299,15,Louisville
60076,15,Chicago
60077,15,Chicago
08084,15,Philadelphia
55369,15,Minneapolis
55391,15,Minneapolis
60091,15,Chicago
07013,15,New York City
76054,15,Fort Worth
10301,15,New York City
10302,15,New York City
10303,15,New York City
44017,15,Cleveland
44040,15,Cleveland
60453,15,Chicago
60455,15,Chicago
60456,15,Chicago
60457,15,Chicago
60458,15,Chicago
60459,15,Chicago
80921,15,Colorado Springs
80924,15,Colorado Springs
80925,15,Colorado Springs
80926,15,Colorado Springs
80927,15,Colorado Springs
80929,15,Colorado Springs
60104,15,Chicago
29708,15,Charlotte
80902,15,Colorado Springs
76060,15,Fort Worth
76108,15,Fort Worth
76126,15,Fort Worth
10304,15,New York City
10305,15,New York City
10306,15,New York City
10310,15,New York City
10311,15,New York City
10314,15,New York City
98310,15,Seattle
98311,15,Seattle
98314,15,Seattle
78073,15,San Antonio
78109,15,San Antonio
77489,15,Houston
77502,15,Houston
77503,15,Houston
77504,15,Houston
77506,15,Houston
94957,15,San Francisco - Oakland
94964,15,San Francisco - Oakland
95013,15,San Jose
95014,15,San Jose
78148,15,San Antonio
78150,15,San Antonio
10464,15,New York City
10466,15,New York City
77581,15,Houston
98337,15,Seattle
98342,15,Seattle
95033,15,San Jose
95070,15,San Jose
10467,15,New York City
10469,15,New York City
10470,15,New York City
10471,15,New York City
77584,15,Houston
53092,15,Milwaukee
53097,15,Milwaukee
98366,15,Seattle
95120,15,San Jose
95135,15,San Jose
95138,15,San Jose
95139,15,San Jose
78221,15,San Antonio
78231,15,San Antonio
78232,15,San Antonio
78233,15,San Antonio
78239,15,San Antonio
77015,15,Houston
10475,15,New York City
79835,15,El Paso
53132,15,Milwaukee
43054,15,Columbus
98392,15,Seattle
78245,15,San Antonio
78247,15,San Antonio
78248,15,San Antonio
78249,15,San Antonio
78250,15,San Antonio
78251,15,San Antonio
78252,15,San Antonio
78258,15,San Antonio
78259,15,San Antonio
78263,15,San Antonio
79907,15,El Paso
95758,15,Sacramento
95776,15,Sacramento
73020,15,Oklahoma City
01730,15,Boston
01731,15,Boston
55075,15,Minneapolis
55076,15,Minneapolis
55077,15,Minneapolis
97007,15,Portland
97024,15,Portland
60029,15,Chicago
79924,15,El Paso
79932,15,El Paso
79934,15,El Paso
79936,15,El Paso
11229,15,New York City
97030,15,Portland
97045,15,Portland
97062,15,Portland
97068,15,Portland
97070,15,Portland
97080,15,Portland
97089,15,Portland
11234,15,New York City
11235,15,New York City
28120,15,Charlotte
19154,15,Philadelphia
55106,15,Minneapolis
55109,15,Minneapolis
55110,15,Minneapolis
55119,15,Minneapolis
97124,15,Portland
48192,15,Detroit
48193,15,Detroit
48195,15,Detroit
11359,15,New York City
11360,15,New York City
11361,15,New York City
11362,15,New York City
28227,15,Charlotte
55121,15,Minneapolis
55122,15,Minneapolis
55123,15,Minneapolis
55127,15,Minneapolis
97140,15,Portland
60153,15,Chicago
11363,15,New York City
11364,15,New York City
11365,15,New York City
11366,15,New York City
28277,15,Charlotte
28278,15,Charlotte
23704,15,Virginia Beach
23709,15,Virginia Beach
55128,15,Minneapolis
55311,15,Minneapolis
60154,15,Chicago
60155,15,Chicago
55316,15,Minneapolis
55337,15,Minneapolis
55344,15,Minneapolis
55345,15,Minneapolis
60160,15,Chicago
60162,15,Chicago
60163,15,Chicago
60164,15,Chicago
60165,15,Chicago
07079,15,New York City
11411,15,New York City
11412,15,New York City
11413,15,New York City
74130,15,Tulsa
46032,15,Indianapolis
46033,15,Indianapolis
07042,15,New York City
07043,15,New York City
07044,15,New York City
55346,15,Minneapolis
55347,15,Minneapolis
33183,15,Miami
33184,15,Miami
33185,15,Miami
33186,15,Miami
33189,15,Miami
33190,15,Miami
33193,15,Miami
07102,15,New York City
07103,15,New York City
60131,15,Chicago
72332,15,Memphis
07050,15,New York City
07052,15,New York City
07055,15,New York City
11001,15,New York City
07106,15,New York City
07107,15,New York City
07108,15,New York City
60141,15,Chicago
46160,15,Nashville
46163,15,Indianapolis
46164,15,Nashville
46168,15,Indianapolis
46181,15,Nashville
46183,15,Indianapolis
46184,15,Indianapolis
46216,15,Indianapolis
96863,15,Honolulu
11003,15,New York City
11004,15,New York City
11005,15,New York City
11020,15,New York City
11021,15,New York City
60171,15,Chicago
60176,15,Chicago
38637,15,Memphis
40109,15,Louisville
07110,15,New York City
07111,15,New York City
72376,15,Memphis
46235,15,Indianapolis
46236,15,Indianapolis
46250,15,Indianapolis
46256,15,Indianapolis
46259,15,Indianapolis
46278,15,Indianapolis
46280,15,Indianapolis
11023,15,New York City
11024,15,New York City
40118,15,Louisville
46290,15,Indianapolis
48015,15,Detroit
48021,15,Detroit
02184,15,Boston
02188,15,Boston
02189,15,Boston
33511,15,Tampa
07112,15,New York City
07114,15,New York City
07201,15,New York City
07202,15,New York City
98020,15,Seattle
98021,15,Seattle
60043,15,Chicago
02190,15,Boston
02191,15,Boston
33548,15,Tampa
33549,15,Tampa
33558,15,Tampa
33559,15,Tampa
98028,15,Seattle
98032,15,Seattle
60053,15,Chicago
11214,15,New York City
02343,15,Boston
98036,15,Seattle
98043,15,Seattle
98052,15,Seattle
98055,15,Seattle
98057,15,Seattle
98058,15,Seattle
34677,15,Tampa
34695,15,Tampa
02368,15,Boston
33569,15,Tampa
33572,15,Tampa
98148,15,Seattle
98155,15,Seattle
98158,15,Seattle
98059,15,Seattle
98070,15,Seattle
98072,15,Seattle
98074,15,Seattle
98075,15,Seattle
11223,15,New York City
11224,15,New York City
98166,15,Seattle
98188,15,Seattle
98198,15,Seattle
23510,15,Virginia Beach
23513,15,Virginia Beach
43137,15,Columbus
02420,15,Boston
02421,15,Boston
02451,15,Boston
78390,15,Corpus Christi
78410,15,Corpus Christi
78415,15,Corpus Christi
78418,15,Corpus Christi
78419,15,Corpus Christi
75253,15,Dallas
75254,15,Dallas
98110,15,Seattle
23518,15,Virginia Beach
23523,15,Virginia Beach
43146,15,Columbus
43147,15,Columbus
23322,15,Virginia Beach
44070,15,Cleveland
48219,15,Detroit
48220,15,Detroit
48223,15,Detroit
23324,15,Virginia Beach
23325,15,Virginia Beach
75234,15,Dallas
75236,15,Dallas
75240,15,Dallas
80640,15,Denver - Aurora
75243,15,Dallas
80019,15,Denver - Aurora
80020,15,Denver - Aurora
80021,15,Denver - Aurora
80022,15,Denver - Aurora
48235,15,Detroit
48236,15,Detroit
48237,15,Detroit
95610,15,Sacramento
95612,15,Sacramento
95618,15,Sacramento
44092,15,Cleveland
75244,15,Dallas
75248,15,Dallas
75249,15,Dallas
80120,15,Denver - Aurora
80126,15,Denver - Aurora
78610,15,Austin
80819,15,Colorado Springs
48239,15,Detroit
48240,15,Detroit
95621,15,Sacramento
95624,15,Sacramento
95626,15,Sacramento
95628,15,Sacramento
95639,15,Sacramento
11693,15,New York City
11694,15,New York City
11697,15,New York City
76179,15,Fort Worth
76182,15,Fort Worth
76244,15,Fort Worth
76248,15,Fort Worth
74063,15,Tulsa
74066,15,Tulsa
80128,15,Denver - Aurora
80129,15,Denver - Aurora
80130,15,Denver - Aurora
80134,15,Denver - Aurora
80137,15,Denver - Aurora
80138,15,Denver - Aurora
28012,15,Charlotte
28032,15,Charlotte
95655,15,Sacramento
95670,15,Sacramento
53224,15,Milwaukee
80233,15,Denver - Aurora
80234,15,Denver - Aurora
80241,15,Denver - Aurora
80249,15,Denver - Aurora
28075,15,Charlotte
28078,15,Charlotte
28101,15,Charlotte
60617,15,Chicago
74117,15,Tulsa
80401,15,Denver - Aurora
80419,15,Denver - Aurora
28104,15,Charlotte
28105,15,Charlotte
47401,15,Nashville
80453,15,Denver - Aurora
47405,15,Nashville
47406,15,Nashville
47408,15,Nashville
60628,15,Chicago
74126,15,Tulsa
60643,15,Chicago
60631,15,Chicago
60638,15,Chicago
60646,15,Chicago
43240,15,Columbus
33012,15,Miami
33014,15,Miami
77587,15,Houston
33016,15,Miami
30060,15,Atlanta
30067,15,Atlanta
30072,15,Atlanta
30080,15,Atlanta
30082,15,Atlanta
30083,15,Atlanta
30084,15,Atlanta
30088,15,Atlanta
33054,15,Miami
30106,15,Atlanta
30122,15,Atlanta
30126,15,Atlanta
30168,15,Atlanta
55014,15,Minneapolis
30035,15,Atlanta
11420,15,New York City
11422,15,New York City
43016,15,Columbus
89044,15,Las Vegas - Henderson
89054,15,Las Vegas - Henderson
89085,15,Las Vegas - Henderson
07649,15,New York City
07652,15,New York City
68010,15,Omaha
68023,15,Omaha
11423,15,New York City
11425,15,New York City
11426,15,New York City
11427,15,New York City
11428,15,New York City
11429,15,New York City
11430,15,New York City
11432,15,New York City
43017,15,Columbus
89131,15,Las Vegas - Henderson
89135,15,Las Vegas - Henderson
89138,15,Las Vegas - Henderson
89141,15,Las Vegas - Henderson
89143,15,Las Vegas - Henderson
68116,15,Omaha
68118,15,Omaha
68123,15,Omaha
68130,15,Omaha
07661,15,New York City
07662,15,New York City
07663,15,New York City
68046,15,Omaha
11433,15,New York City
11434,15,New York City
11436,15,New York City
11451,15,New York City
43026,15,Columbus
89148,15,Las Vegas - Henderson
89149,15,Las Vegas - Henderson
89178,15,Las Vegas - Henderson
89183,15,Las Vegas - Henderson
33141,15,Miami
68133,15,Omaha
68135,15,Omaha
68136,15,Omaha
68138,15,Omaha
68142,15,Omaha
07670,15,New York City
10550,15,New York City
10552,15,New York City
10553,15,New York City
33154,15,Miami
33157,15,Miami
10701,15,New York City
10704,15,New York City
10705,15,New York City
10708,15,New York City
10803,15,New York City
10805,15,New York City
48124,15,Detroit
33161,15,Miami
33162,15,Miami
33167,15,Miami
33168,15,Miami
33169,15,Miami
48066,15,Detroit
48067,15,Detroit
48069,15,Detroit
48070,15,Detroit
43002,15,Columbus
43004,15,Columbus
48125,15,Detroit
48127,15,Detroit
48128,15,Detroit
80005,15,Denver - Aurora
80007,15,Denver - Aurora
48071,15,Detroit
48072,15,Detroit
48073,15,Detroit
48075,15,Detroit
33175,15,Miami
33177,15,Miami
33178,15,Miami
33181,15,Miami
33182,15,Miami
47143,15,Louisville
47201,15,Nashville
48080,15,Detroit
48081,15,Detroit
47119,15,Louisville
47122,15,Louisville
47136,15,Louisville
60201,15,Chicago
88008,15,El Paso
07017,15,New York City
07018,15,New York City
55431,15,Minneapolis
55433,15,Minneapolis
55434,15,Minneapolis
48088,15,Detroit
48089,15,Detroit
48092,15,Detroit
48093,15,Detroit
98660,15,Portland
98662,15,Portland
98665,15,Portland
98682,15,Portland
60202,15,Chicago
60203,15,Chicago
07026,15,New York City
07028,15,New York City
66109,15,Kansas City
66111,15,Kansas City
66112,15,Kansas City
66206,15,Kansas City
66207,15,Kansas City
55437,15,Minneapolis
55438,15,Minneapolis
55443,15,Minneapolis
55445,15,Minneapolis
55446,15,Minneapolis
40223,15,Louisville
40228,15,Louisville
40229,15,Louisville
40241,15,Louisville
40243,15,Louisville
98683,15,Portland
98684,15,Portland
98685,15,Portland
98686,15,Portland
60415,15,Chicago
73034,15,Oklahoma City
66209,15,Kansas City
66210,15,Kansas City
66211,15,Kansas City
66212,15,Kansas City
66214,15,Kansas City
66215,15,Kansas City
66216,15,Kansas City
66217,15,Kansas City
66218,15,Kansas City
55447,15,Minneapolis
55448,15,Minneapolis
55449,15,Minneapolis
73049,15,Oklahoma City
66219,15,Kansas City
73066,15,Oklahoma City
93606,15,Fresno
93616,15,Fresno
93625,15,Fresno
27539,15,Raleigh
67037,15,Wichita
73097,15,Oklahoma City
73099,15,Oklahoma City
08003,15,Philadelphia
08010,15,Philadelphia
93652,15,Fresno
27560,15,Raleigh
27571,15,Raleigh
67052,15,Wichita
67055,15,Wichita
67060,15,Wichita
93730,15,Fresno
74008,15,Tulsa
74011,15,Tulsa
74015,15,Tulsa
27587,15,Raleigh
27591,15,Raleigh
27613,15,Raleigh
27614,15,Raleigh
27617,15,Raleigh
27709,15,Raleigh
51542,15,Omaha
08026,15,Philadelphia
94010,15,San Francisco - Oakland
94022,15,San Jose
94024,15,San Jose
94030,15,San Francisco - Oakland
94040,15,San Jose
94041,15,San Jose
94043,15,San Jose
94044,15,San Francisco - Oakland
94066,15,San Francisco - Oakland
74033,15,Tulsa
77031,15,Houston
77032,15,Houston
77034,15,Houston
77036,15,Houston
77038,15,Houston
77039,15,Houston
77040,15,Houston
77041,15,Houston
77042,15,Houston
77043,15,Houston
77044,15,Houston
77047,15,Houston
77049,15,Houston
67147,15,Wichita
43068,15,Columbus
51576,15,Omaha
74041,15,Tulsa
77050,15,Houston
77053,15,Houston
77060,15,Houston
77067,15,Houston
77071,15,Houston
77072,15,Houston
74055,15,Tulsa
77074,15,Houston
77075,15,Houston
77077,15,Houston
77079,15,Houston
77080,15,Houston
77085,15,Houston
77086,15,Houston
77089,15,Houston
80465,15,Denver - Aurora
43081,15,Columbus
43082,15,Columbus
77099,15,Houston
97231,15,Portland
40059,15,Louisville
38029,15,Memphis
38053,15,Memphis
64134,15,Kansas City
64136,15,Kansas City
64137,15,Kansas City
64138,15,Kansas City
64139,15,Kansas City
38115,15,Memphis
43217,15,Columbus
64146,15,Kansas City
64152,15,Kansas City
64153,15,Kansas City
64154,15,Kansas City
64155,15,Kansas City
64156,15,Kansas City
38118,15,Memphis
38119,15,Memphis
38120,15,Memphis
38134,15,Memphis
38135,15,Memphis
38138,15,Memphis
38141,15,Memphis
46112,15,Indianapolis
46113,15,Indianapolis
46123,15,Indianapolis
64157,15,Kansas City
64158,15,Kansas City
64192,15,Kansas City
08043,15,Philadelphia
46142,15,Indianapolis
46143,15,Indianapolis
07407,15,New York City
07410,15,New York City
98008,15,Seattle
80840,15,Colorado Springs
07424,15,New York City
98011,15,Seattle
07501,15,New York City
07503,15,New York City
07504,15,New York City
07505,15,New York City